strategy,start,end,CAGR,vol,maxDD,MAR
B&H 1x,2016-01-04,2026-09-28,0.15227924356132094,0.17834759073087392,-0.3379046365187168,0.4506574551038635
200DMA daily 1x,2016-01-04,2026-09-28,0.11144015828820053,0.11715340465429776,-0.22220131877236315,0.5015278887807446
200DMA month-end 1x,2016-01-04,2026-09-28,0.10355253340356962,0.12174628570414366,-0.2671864321798717,0.387566586217437
200DMA 3% band 1x,2016-01-04,2026-09-28,0.12312914048321777,0.11892839816912193,-0.2145323043112276,0.5739421896321549
B&H 2x,2016-01-04,2026-09-28,0.2360761780082088,0.3567013392949786,-0.5921859633273199,0.39865210023176795
200DMA daily 2x,2016-01-04,2026-09-28,0.17476006135778355,0.23430383095337065,-0.4180274745758473,0.4180587927506543
200DMA month-end 2x,2016-01-04,2026-09-28,0.15698049259424351,0.24349153507149374,-0.4875739609970495,0.3219624203746054
200DMA 3% band 2x,2016-01-04,2026-09-28,0.19929511965901714,0.23783904252697197,-0.4064602499684632,0.49031884341575893
B&H 3x,2016-01-04,2026-09-28,0.2942853467543487,0.5350567538296946,-0.767566808144035,0.38340030292076627
200DMA daily 3x,2016-01-04,2026-09-28,0.23694352915830197,0.3514562802462821,-0.5634126624813174,0.4205505927303488
200DMA month-end 3x,2016-01-04,2026-09-28,0.20459951647561314,0.36524639445489354,-0.6456050260946915,0.31691128198497687
200DMA 3% band 3x,2016-01-04,2026-09-28,0.27219215030196797,0.3567645367809528,-0.5543910219813379,0.4909750329815597
