peak_date,peak,trough_date,trough,max_dd,yrs_peak_to_trough,recovery_date,yrs_trough_to_recovery,yrs_underwater
1929-09-16,31.86,1929-11-13,17.66,-0.44569995263357776,0.16,1954-09-22,24.86,25.02
1930-04-10,25.92,1930-12-16,14.44,-0.4429012523966034,0.68,1952-12-09,21.98,22.67
1931-02-26,18.17,1931-06-02,12.2,-0.32856357963463934,0.26,1937-02-10,5.69,5.96
1931-06-26,15.35,1931-10-05,8.82,-0.42540720028440004,0.28,1936-04-06,4.5,4.78
1931-11-09,11.52,1932-06-01,4.4,-0.618055562454241,0.56,1933-07-03,1.09,1.65
1932-09-07,9.31,1933-02-27,5.53,-0.40601504183003845,0.47,1933-05-26,0.24,0.71
1933-07-18,12.2,1933-10-19,8.61,-0.2942623121896699,0.25,1935-10-22,2.01,2.26
1934-02-06,11.82,1935-03-14,8.06,-0.31810485383125364,1.1,1935-09-10,0.49,1.59
1937-03-10,18.67,1938-03-31,8.5,-0.5447241582611029,1.06,1946-01-29,7.83,8.89
1938-10-10,13.91,1939-04-11,10.42,-0.250898620373994,0.5,1945-02-14,5.85,6.35
1939-10-25,13.21,1940-06-10,8.99,-0.3194549776565154,0.63,1944-07-10,4.08,4.71
1940-11-07,11.39,1942-04-28,7.47,-0.3441615834040914,1.47,1943-03-29,0.92,2.39
1946-05-29,19.25,1947-05-19,13.77,-0.2846753008953937,0.97,1950-06-09,3.06,4.03
1948-06-15,17.06,1949-06-13,13.55,-0.2057443953743776,0.99,1950-01-09,0.57,1.57
1956-08-03,49.64,1957-10-22,38.98,-0.21474617200811386,1.22,1958-09-24,0.92,2.14
1961-12-12,72.64,1962-06-26,52.32,-0.27973568096863066,0.54,1963-09-03,1.19,1.72
1966-02-09,94.06,1966-10-07,73.2,-0.22177334841367646,0.66,1967-05-04,0.57,1.23
1968-11-29,108.37,1970-05-26,69.29,-0.36061641451132354,1.49,1972-03-06,1.78,3.27
1973-01-11,120.24,1974-10-03,62.28,-0.4820359290935835,1.72,1980-07-17,5.79,7.51
1980-11-28,140.52,1982-08-12,102.42,-0.27113581657485364,1.7,1982-11-03,0.23,1.93
1987-08-25,336.77,1987-12-04,223.92,-0.3350951525557261,0.28,1989-07-26,1.64,1.92
2000-03-24,1527.46,2001-09-21,965.8,-0.36770847518635086,1.49,2007-05-30,5.69,7.18
2002-01-04,1172.51,2002-07-23,797.7,-0.31966464630311786,0.55,2004-11-11,2.31,2.85
2007-10-09,1565.15,2008-11-20,752.44,-0.5192537515864695,1.12,2013-03-28,4.35,5.47
2009-01-06,934.7,2009-03-09,676.53,-0.27620624750026523,0.17,2009-06-01,0.23,0.4
2020-02-19,3386.15,2020-03-23,2237.4,-0.3392496000265327,0.09,2020-08-18,0.41,0.5
2022-01-03,4796.56,2022-10-12,3577.03,-0.2542509661923039,0.77,2024-01-19,1.27,2.04
