book,scenario,median_cagr_10y,p10_cagr_10y,p90_cagr_10y,spy_median_cagr_10y,p_beat_spy_10y,p_beat_spy_by_5pts_10y,p_dd_over_50_10y,p_dd_over_80_10y,p_below_start_10y,median_years_to_10x,p10_years_to_10x,p90_years_to_10x,share_reaching_10x_in_50y
SPY,history 1928-2026,0.0970,0.0158,0.1870,0.0970,0.0000,0.0000,0.1620,0.0000,0.0645,22.6091,13.6937,37.7897,0.9815
SPY,history 1986-2026,0.1118,0.0386,0.1824,0.1118,0.0000,0.0000,0.0685,0.0000,0.0245,20.9464,14.2615,31.4968,0.9970
SPY,history 2008-2026,0.1197,0.0402,0.1941,0.1197,0.0000,0.0000,0.0890,0.0000,0.0200,19.9921,13.2536,30.0385,0.9990
SPY,forward 1928-2026,0.0411,-0.0360,0.1265,0.0411,0.0000,0.0000,0.2965,0.0055,0.2340,46.5734,22.9599,,0.5480
SPY,forward 1986-2026,0.0446,-0.0241,0.1110,0.0446,0.0000,0.0000,0.1745,0.0010,0.2020,46.7024,26.8944,,0.5550
SPY,forward 2008-2026,0.0508,-0.0238,0.1207,0.0508,0.0000,0.0000,0.2035,0.0015,0.1815,43.5198,24.1679,,0.6100
SPY,optimistic forward 2008-2026,0.0659,-0.0098,0.1368,0.0659,0.0000,0.0000,0.1640,0.0015,0.1285,34.2679,20.3484,,0.8120
QQQ,history 1986-2026,0.1453,0.0357,0.2603,0.1118,0.7550,0.3875,0.3445,0.0050,0.0435,15.7321,9.3321,26.7036,0.9975
QQQ,history 2008-2026,0.1716,0.0766,0.2654,0.1197,0.9690,0.5190,0.1185,0.0000,0.0085,14.0913,9.4401,21.1111,1.0000
QQQ,forward 1986-2026,0.0427,-0.0571,0.1473,0.0446,0.4880,0.1375,0.5735,0.0350,0.2960,42.1290,18.6671,,0.6055
QQQ,forward 2008-2026,0.0527,-0.0326,0.1370,0.0508,0.5180,0.0320,0.3125,0.0105,0.2160,41.2202,21.0460,,0.6385
QQQ,optimistic forward 2008-2026,0.0678,-0.0188,0.1533,0.0659,0.5180,0.0345,0.2790,0.0060,0.1585,33.0655,18.0024,,0.8035
Phase A (current design),history 1986-2026,0.0540,0.0375,0.0710,0.1118,0.1440,0.0210,0.0000,0.0000,0.0000,43.7401,37.9317,,0.8870
Phase A (current design),history 2008-2026,0.0540,0.0337,0.0739,0.1197,0.1180,0.0130,0.0000,0.0000,0.0000,43.5456,36.7175,,0.8445
Phase A (current design),forward 1986-2026,0.0499,0.0335,0.0668,0.0446,0.5475,0.1930,0.0000,0.0000,0.0005,47.2262,40.6341,,0.6960
Phase A (current design),forward 2008-2026,0.0490,0.0288,0.0688,0.0508,0.4885,0.1570,0.0000,0.0000,0.0010,47.7837,39.7171,,0.6155
Phase A (current design),optimistic forward 2008-2026,0.0420,0.0219,0.0617,0.0659,0.3200,0.0770,0.0000,0.0000,0.0060,,45.5655,,0.2485
S&P 2x 200d,history 1928-2026,0.1440,0.0387,0.2549,0.0970,0.7675,0.4655,0.2870,0.0035,0.0390,15.7540,9.4948,27.3159,0.9980
S&P 2x 200d,history 1986-2026,0.1278,0.0295,0.2261,0.1118,0.6035,0.2850,0.1790,0.0015,0.0430,17.6925,10.8115,28.8702,0.9980
S&P 2x 200d,history 2008-2026,0.1532,0.0565,0.2571,0.1197,0.7185,0.3940,0.1075,0.0000,0.0170,15.5794,9.5829,24.4040,1.0000
S&P 2x 200d,forward 1928-2026,0.0445,-0.0477,0.1377,0.0411,0.4940,0.2010,0.4295,0.0195,0.2790,44.5020,19.8044,,0.5710
S&P 2x 200d,forward 1986-2026,0.0220,-0.0553,0.1012,0.0446,0.3415,0.0885,0.3510,0.0080,0.3610,,31.6782,,0.2840
S&P 2x 200d,forward 2008-2026,0.0265,-0.0487,0.1052,0.0508,0.3450,0.0915,0.3355,0.0035,0.3335,,31.8714,,0.2885
S&P 2x 200d,optimistic forward 2008-2026,0.0441,-0.0341,0.1313,0.0659,0.3645,0.1040,0.2800,0.0025,0.2310,47.3056,23.7298,,0.5345
S&P 3x 200d,history 1928-2026,0.1780,0.0185,0.3537,0.0970,0.7890,0.6185,0.7290,0.0805,0.0785,12.0952,6.1103,24.9278,0.9955
S&P 3x 200d,history 1986-2026,0.1591,0.0109,0.3143,0.1118,0.6990,0.4790,0.6420,0.0340,0.0830,13.5556,7.0782,25.8754,0.9960
S&P 3x 200d,history 2008-2026,0.2074,0.0597,0.3753,0.1197,0.8355,0.6580,0.5160,0.0155,0.0305,11.2341,6.3183,20.4877,1.0000
S&P 3x 200d,forward 1928-2026,0.0275,-0.1075,0.1687,0.0411,0.4100,0.2200,0.8470,0.2035,0.3995,48.2778,14.4194,,0.5095
S&P 3x 200d,forward 1986-2026,-0.0016,-0.1132,0.1181,0.0446,0.2730,0.1055,0.8155,0.1395,0.5065,,27.4837,,0.2365
S&P 3x 200d,forward 2008-2026,0.0049,-0.1046,0.1226,0.0508,0.2870,0.1135,0.8045,0.1280,0.4825,,26.5885,,0.2490
S&P 3x 200d,optimistic forward 2008-2026,0.0342,-0.0825,0.1665,0.0659,0.3725,0.1625,0.7600,0.0895,0.3505,49.0278,16.3504,,0.5070
NDX 3x 200d,history 1986-2026,0.2348,-0.0069,0.5161,0.1118,0.7745,0.6695,0.9650,0.2915,0.1090,8.5556,3.7806,21.3067,0.9965
NDX 3x 200d,history 2008-2026,0.2989,0.0716,0.5688,0.1197,0.8960,0.8165,0.8950,0.1280,0.0465,7.4841,3.8810,15.8421,0.9995
NDX 3x 200d,forward 1986-2026,-0.0259,-0.2082,0.1777,0.0446,0.2970,0.1835,0.9880,0.5860,0.5675,,10.6575,,0.3650
NDX 3x 200d,forward 2008-2026,0.0052,-0.1264,0.1752,0.0508,0.3265,0.1990,0.9380,0.2960,0.4840,,13.9996,,0.3965
NDX 3x 200d,optimistic forward 2008-2026,0.0219,-0.1265,0.2021,0.0659,0.3450,0.2180,0.9285,0.3205,0.4335,45.6746,10.9155,,0.5255
3x blend (S&P/NDX 50/50) 200d,history 1986-2026,0.2171,0.0329,0.4189,0.1118,0.8210,0.6940,0.7765,0.0725,0.0605,10.1369,5.1385,20.5929,1.0000
3x blend (S&P/NDX 50/50) 200d,history 2008-2026,0.2661,0.0902,0.4720,0.1197,0.9245,0.8160,0.6890,0.0295,0.0245,8.6845,4.8012,16.1571,1.0000
3x blend (S&P/NDX 50/50) 200d,forward 1986-2026,0.0011,-0.1369,0.1409,0.0446,0.3165,0.1585,0.9125,0.2700,0.4960,,17.8837,,0.3625
3x blend (S&P/NDX 50/50) 200d,forward 2008-2026,0.0132,-0.0995,0.1457,0.0508,0.3320,0.1540,0.8305,0.1370,0.4430,,19.4282,,0.3510
3x blend (S&P/NDX 50/50) 200d,optimistic forward 2008-2026,0.0368,-0.0887,0.1791,0.0659,0.3735,0.1930,0.8150,0.1300,0.3555,43.2024,14.0000,,0.5570
2x blend 200d + 20% BTC switch,history 2008-2026,0.2959,0.1703,0.4349,0.1197,0.9915,0.9560,0.0340,0.0000,0.0005,8.4306,5.7802,12.9294,1.0000
2x blend 200d + 20% BTC switch,forward 2008-2026,0.0764,-0.0106,0.1679,0.0508,0.6620,0.3410,0.2005,0.0005,0.1320,29.1548,15.5500,,0.8745
2x blend 200d + 20% BTC switch,optimistic forward 2008-2026,0.0966,0.0049,0.1944,0.0659,0.6870,0.3855,0.1910,0.0000,0.0900,23.4623,12.9754,40.5698,0.9575
3x blend 200d + 20% BTC switch,history 2008-2026,0.3683,0.1921,0.5682,0.1197,0.9920,0.9710,0.3215,0.0005,0.0025,6.8611,4.2857,11.4484,1.0000
3x blend 200d + 20% BTC switch,forward 2008-2026,0.0628,-0.0505,0.1884,0.0508,0.5730,0.3170,0.6315,0.0360,0.2375,31.3810,13.2214,,0.7480
3x blend 200d + 20% BTC switch,optimistic forward 2008-2026,0.0908,-0.0286,0.2257,0.0659,0.6320,0.3930,0.5975,0.0345,0.1635,22.9206,10.6532,48.7552,0.9065
SPY 80% + BTC switch 20%,history 2008-2026,0.2281,0.1295,0.3278,0.1197,0.9885,0.8815,0.0145,0.0000,0.0010,10.9127,7.7571,16.0873,1.0000
SPY 80% + BTC switch 20%,forward 2008-2026,0.0873,0.0047,0.1703,0.0508,0.8260,0.3550,0.1095,0.0000,0.0850,26.1409,15.7552,43.5675,0.9435
SPY 80% + BTC switch 20%,optimistic forward 2008-2026,0.1088,0.0238,0.1945,0.0659,0.8545,0.4155,0.0870,0.0000,0.0455,21.5913,13.3329,34.2262,0.9880
BTC 10-wk switch,history 2008-2026,0.5896,0.2439,1.0345,0.1197,0.9655,0.9470,0.8300,0.0515,0.0080,4.4464,2.1147,8.8984,1.0000
BTC 10-wk switch,forward 2008-2026,0.1222,-0.0912,0.4035,0.0508,0.6510,0.5495,0.9860,0.3530,0.2430,13.1071,4.2341,42.2754,0.9285
BTC 10-wk switch,optimistic forward 2008-2026,0.1680,-0.0618,0.4567,0.0659,0.7085,0.6080,0.9785,0.2855,0.1790,10.6488,3.7440,31.3603,0.9750
Full Kelly (history 2014-26 mix),history 2008-2026,0.5918,0.2688,0.9885,0.1197,0.9805,0.9615,0.6560,0.0150,0.0045,4.5754,2.2536,8.6802,1.0000
Full Kelly (history 2014-26 mix),forward 2008-2026,0.1303,-0.0670,0.3823,0.0508,0.6885,0.5680,0.9585,0.2220,0.2115,13.4901,4.9520,38.6361,0.9460
Full Kelly (history 2014-26 mix),optimistic forward 2008-2026,0.1728,-0.0368,0.4403,0.0659,0.7395,0.6280,0.9435,0.1730,0.1495,10.9405,4.1548,29.1369,0.9855
Half Kelly (history 2014-26 mix),history 2008-2026,0.3005,0.1584,0.4586,0.1197,0.9450,0.8695,0.0235,0.0000,0.0015,8.3869,5.3091,13.2623,1.0000
Half Kelly (history 2014-26 mix),forward 2008-2026,0.1087,0.0044,0.2319,0.0508,0.7440,0.5335,0.1805,0.0005,0.0885,19.8671,10.4690,36.1679,0.9780
Half Kelly (history 2014-26 mix),optimistic forward 2008-2026,0.1271,0.0189,0.2515,0.0659,0.7445,0.5375,0.1580,0.0005,0.0655,17.7778,9.4599,31.4071,0.9910
Full Kelly (forward 2014-26 mix),history 2008-2026,0.5268,0.2476,0.8664,0.1197,0.9810,0.9580,0.4680,0.0045,0.0035,5.0794,2.6425,9.1714,1.0000
Full Kelly (forward 2014-26 mix),forward 2008-2026,0.1303,-0.0453,0.3550,0.0508,0.7115,0.5805,0.8955,0.1255,0.1855,14.0675,5.7230,36.9036,0.9570
Full Kelly (forward 2014-26 mix),optimistic forward 2008-2026,0.1723,-0.0166,0.4041,0.0659,0.7555,0.6360,0.8550,0.0935,0.1245,11.6845,4.9317,28.4857,0.9865
Half Kelly (forward 2014-26 mix),history 2008-2026,0.2676,0.1447,0.4051,0.1197,0.9285,0.8320,0.0070,0.0000,0.0015,9.3492,6.0317,14.4575,1.0000
Half Kelly (forward 2014-26 mix),forward 2008-2026,0.1044,0.0127,0.2127,0.0508,0.7485,0.5215,0.1040,0.0000,0.0720,21.1786,11.6853,36.4563,0.9810
Half Kelly (forward 2014-26 mix),optimistic forward 2008-2026,0.1211,0.0236,0.2310,0.0659,0.7470,0.5220,0.0895,0.0000,0.0530,18.7302,10.5722,31.8214,0.9940
