event,date,source,day1_%,1m_%,3m_%,12m_%,max_loss_12m_%,prior_12m_vol_%,error
GBP exits ERM (Black Wednesday),1992-09-16,fred:DEXUSUK,-9.8,-16.2,-20.1,-22.4,-28.2,11.4,
ITL exits ERM,1992-09-16,,,,,,,,series unavailable: DEXITUS
SEK peg abandoned,1992-11-19,fred:DEXSDUS,-11.0,-13.6,-20.8,-28.2,-28.2,13.8,
MXN Tequila crisis band abandoned,1994-12-20,fred:DEXMXUS,-13.5,-39.1,-51.3,-54.2,-57.1,6.1,
THB float (Asian crisis),1997-07-02,fred:DEXTHUS,-12.6,-21.3,-29.5,-40.1,-54.8,13.6,
MYR float,1997-07-14,fred:DEXMAUS,-1.7,-9.1,-18.8,-38.9,-46.6,3.0,
KRW band abandoned,1997-11-17,fred:DEXKOUS,-5.3,-33.7,-41.8,-24.2,-49.7,5.7,
BRL Real Plan crawling peg ends,1999-01-13,fred:DEXBZUS,-8.3,-36.3,-27.5,-33.2,-45.0,1.7,
ARS convertibility ends,2002-01-07,yahoo:ARS=X,-64.0,-67.0,-64.0,-70.0,-73.9,1.1,
RUB band removed / free float,2014-11-10,yahoo:RUB=X,-6.9,-20.6,-35.9,-33.5,-39.3,12.9,
CHF: SNB removes EUR/CHF 1.20 floor (CHF value in EUR),2015-01-15,chf:CHF_in_EUR,22.9,12.8,16.7,9.7,8.8,1.9,
CNY Aug-2015 fixing reform,2015-08-11,fred:DEXCHUS,-2.8,-2.6,-2.4,-6.4,-7.4,1.7,
KZT free float,2015-08-20,yahoo:KZT=X,-25.9,-32.3,-39.2,-44.8,-51.7,6.5,
EGP float (IMF program),2016-11-03,yahoo:EGP=X,-41.8,-50.9,-52.8,-49.6,-54.7,17.6,
ARS (Milei) step devaluation,2023-12-13,yahoo:ARS=X,-54.6,-55.5,-57.1,-64.3,-64.3,20.0,
NGN FX unification,2023-06-14,yahoo:NGN=X,-0.5,-40.8,-39.0,-69.4,-71.8,8.5,
EGP float #2 (Mar-2024),2024-03-06,yahoo:EGP=X,-37.7,-34.8,-34.9,-39.0,-39.5,4.4,
ETB float (IMF program),2024-07-29,yahoo:ETB=X,-0.9,-46.8,-53.1,-58.5,-58.9,6.7,
BOB peg (6.96) abandoned (official 29-Jun-2026; Yahoo lags),2026-06-29,yahoo:BOB=X,-0.1,-40.0,-43.8,,-45.3,5.3,
