ticker,regime,last,dev_from_peg_%,chg_12m_%_(+ = local weaker),realised_vol_1y_%
HKD=X,currency board 7.75-7.85 since 1983,7.8453,0.58,0.8,0.6
SAR=X,hard peg since 1986,3.7541,0.11,0.2,13.7
AED=X,hard peg since 1997,3.6729,0.01,0.0,0.1
QAR=X,hard peg,3.64,0.0,0.0,39.9
BHD=X,hard peg; weakest GCC fiscal position,0.3769,0.24,0.7,25.8
OMR=X,hard peg,0.385,0.13,0.5,5.3
JOD=X,hard peg since 1995,0.708,-0.14,0.2,0.2
DKK=X,ERM-II vs EUR 7.46038 +/-2.25%,6.5735,,2.7,5.5
XOF=X,CFA franc: EUR 655.957 (French Treasury guarantee),576.41,,3.7,17.8
CNY=X,managed; daily fixing +/-2%,6.7103,,-5.9,2.6
VND=X,managed band,25969.0,,-1.6,2.1
EGP=X,floated Mar-2024 (managed),52.05,,8.2,10.6
NGN=X,floated 2023-24,1320.4399,,-11.4,5.5
ARS=X,crawling band regime (2025-),1524.5,,13.8,13.6
TRY=X,managed depreciation,48.9744,,17.8,1.5
PKR=X,managed,276.88,,-1.5,10.0
LKR=X,managed float,330.9835,,10.4,9.4
MWK=X,"de-facto peg ~1,700-1,750 with large parallel premium",1717.0236,,0.0,9.2
MZN=X,de-facto peg ~63-64,63.24,,-0.0,0.2
BOB=X,peg broken Jul-2026,11.98,,77.7,42.6
CUP=X,official 24; informal market far weaker (not tradeable),24.0,,0.1,3.3
