ticker,first,last,sessions,cost_bps
SPY,1993-01-29,2026-09-28,8473,1
QQQ,1999-03-10,2026-09-28,6931,1
IWM,2000-05-26,2026-09-28,6623,1.5
MDY,1995-05-04,2026-09-28,7902,3
XLB,1998-12-22,2026-09-28,6983,3
XLE,1998-12-22,2026-09-28,6983,2
XLF,1998-12-22,2026-09-28,6983,2
XLI,1998-12-22,2026-09-28,6983,2.5
XLK,1998-12-22,2026-09-28,6983,2
XLP,1998-12-22,2026-09-28,6983,2.5
XLU,1998-12-22,2026-09-28,6983,2.5
XLV,1998-12-22,2026-09-28,6983,2.5
XLY,1998-12-22,2026-09-28,6983,2.5
SMH,2000-06-05,2026-09-28,6618,3
SOXX,2001-07-13,2026-09-28,6339,4
EFA,2001-08-27,2026-09-28,6308,2.5
EEM,2003-04-14,2026-09-28,5902,2.5
VEU,2007-03-08,2026-09-28,4921,3
SCZ,2007-12-12,2026-09-28,4727,5
EWA,1996-03-18,2026-09-28,7682,6
EWC,1996-03-18,2026-09-28,7682,6
EWD,1996-03-18,2026-09-28,7682,6
EWG,1996-03-18,2026-09-28,7682,6
EWH,1996-03-18,2026-09-28,7682,6
EWI,1996-03-18,2026-09-28,7682,6
EWJ,1996-03-18,2026-09-28,7682,6
EWK,1996-03-18,2026-09-28,7682,6
EWL,1996-03-18,2026-09-28,7682,6
EWN,1996-03-18,2026-09-28,7682,6
EWO,1996-03-18,2026-09-28,7682,6
EWP,1996-03-18,2026-09-28,7682,6
EWQ,1996-03-18,2026-09-28,7682,6
EWS,1996-03-18,2026-09-28,7682,6
EWT,2000-06-23,2026-09-28,6604,6
EWU,1996-03-18,2026-09-28,7682,6
EWW,1996-03-18,2026-09-28,7682,6
EWY,2000-05-12,2026-09-28,6633,6
EWZ,2000-07-14,2026-09-28,6590,6
EZA,2003-02-07,2026-09-28,5947,6
FXI,2004-10-08,2026-09-28,5527,6
EWM,1996-03-18,2026-09-28,7682,6
TLT,2002-07-30,2026-09-28,6080,1.5
IEF,2002-07-30,2026-09-28,6080,1.5
GLD,2004-11-18,2026-09-28,5498,2
DBC,2006-02-06,2026-09-28,5193,6
AGG,2003-09-29,2026-09-28,5786,1.5
IBIT,2024-01-11,2026-09-28,680,6
QLD,2006-06-21,2026-09-28,5099,3
TQQQ,2010-02-11,2026-09-28,4182,3
SSO,2006-06-21,2026-09-28,5099,3
UPRO,2009-06-25,2026-09-28,4341,3
SOXL,2010-03-11,2026-09-28,4163,3
USD,2007-02-01,2026-09-28,4945,3
ROM,2007-02-01,2026-09-28,4945,3
BTC-USD,2014-09-17,2026-09-27,4394,10
BTC (Coin Metrics + Yahoo),2010-07-18,2026-09-27,5916,10
KF 10_Industry_Portfolios_daily,1926-07-01,2026-08-31,26317,5
KF 12_Industry_Portfolios_daily,1926-07-01,2026-08-31,26317,5
KF 49_Industry_Portfolios_daily,1926-07-01,2026-08-31,26317,5
KF F-F_Research_Data_Factors_daily,1926-07-01,2026-08-31,26317,5
