episode,window,entry,entry_px,peak,peak_px,peak_gain,bh_to_end,end_from_peak,A_trend_ret,A_trend_capture,A_trend_main_ride_ret,A_trend_main_ride_exit,A_trend_giveback_from_peak,A_trend_round_trips,A_trend_losing_trips,A_trend_whipsaw_cost,B_ladder_ret,B_ladder_capture,B_ladder_main_ride_ret,B_ladder_main_ride_exit,B_ladder_giveback_from_peak,B_ladder_round_trips,B_ladder_losing_trips,B_ladder_whipsaw_cost,C_trail25_ret,C_trail25_capture,C_trail25_main_ride_ret,C_trail25_main_ride_exit,C_trail25_giveback_from_peak,C_trail25_round_trips,C_trail25_losing_trips,C_trail25_whipsaw_cost,B_ladder_steps
"US stocks 1920s (S&P comp., monthly)",1924-01..1935-12,1924-01-31,8.83,1929-09-30,31.3,2.5447338618346547,0.47678369195922987,-0.5833865814696486,2.3377194467794262,0.9186498760597389,0.6960248208092485,1929-11-30,0.34249201277955277,6,2,-0.23322706558839268,2.807508594698332,1.103262166941979,0.9347429240297276,1929-11-30,0.34249201277955277,6,2,-0.23322706558839268,1.430872463037558,0.5622876657152486,1.3260317757644389,1929-11-30,0.34249201277955277,4,1,-0.2975578193244305,rest 1.00 on exit 1926-03-31 x1.3; 1/3 at +100% 1929-01-31 x2.1; 1/3 at +100% 1929-02-28 x2.1; rest 0.33 on exit 1929-11-30 x1.7; rest 1.00 on exit 1930-05-31 x0.9; rest 1.00 on exit 1933-02-28 x0.8; rest 1.00 on exit 1934-05-31 x1.4; rest 1.00 on exit 1935-12-31 x1.3
Gold 1970s (monthly London avg),1970-01..1985-12,1970-09-30,36.0,1980-01-31,675.0,17.75,7.944444444444445,-0.522962962962963,17.682638196000738,0.996204968788774,3.130188753846154,1980-12-31,0.202962962962963,5,1,-0.026192963636363698,9.907161291027213,0.5581499318888571,1.4719717076923082,1980-12-31,0.202962962962963,5,1,-0.026192963636363698,11.957012402267383,0.6736345015361905,2.8384653846153847,1981-02-28,0.2592592592592593,4,2,-0.07206013946053946,1/3 at +100% 1973-02-28 x2.1; 1/3 at +100% 1973-03-31 x2.3; 1/3 at +200% 1973-06-30 x3.3; rest 0.00 on exit 1973-11-30 x2.6; rest 1.00 on exit 1975-05-31 x1.6; 1/3 at +100% 1979-06-30 x2.1; 1/3 at +100% 1979-07-31 x2.3; 1/3 at +200% 1979-10-31 x3.0
"Nikkei 225 1980s (JPY, daily)",1980-01..1995-12,1980-01-04,6560.16,1989-12-29,38915.87,4.932152569449526,2.0286075339625866,-0.48945892768168875,2.250395769435413,0.45627051023820575,0.40558861097321675,1990-02-23,0.10342567184030582,21,14,-0.41874666894219426,2.0729993375646933,0.4203031654789339,0.40558861097321675,1990-02-23,0.10342567184030582,21,14,-0.41874666894219426,2.034705435403049,0.41253902971418843,3.157660518882161,1990-08-10,0.2977273796011757,4,2,-0.3622260780000154,rest 1.00 on exit 1980-03-28 x1.0; rest 1.00 on exit 1981-03-13 x1.0; rest 1.00 on exit 1981-09-25 x1.0; rest 1.00 on exit 1981-10-16 x1.0; rest 1.00 on exit 1982-02-26 x1.0; rest 1.00 on exit 1982-05-21 x1.0; rest 1.00 on exit 1982-10-29 x1.0; rest 1.00 on exit 1984-06-01 x1.3
"Nikkei 225 1980s (USD, daily)",1980-01..1995-12,1980-01-25,28.245868113522537,1989-12-29,270.6249652294854,8.581046124757814,5.810614111952701,-0.2891575697194697,3.837467729493204,0.44720278549971204,-0.07156756077811632,1990-02-23,0.12246536625807203,27,20,-0.760641756465053,1.6243011692762752,0.18928941129798654,-0.07156756077811632,1990-02-23,0.12246536625807203,27,20,-0.760641756465053,4.633075357432297,0.5399196426721291,5.4653703196532275,1990-03-23,0.27076215106754253,4,2,-0.33434520377266275,rest 1.00 on exit 1980-02-15 x1.0; rest 1.00 on exit 1981-05-15 x1.2; rest 1.00 on exit 1981-07-17 x1.0; rest 1.00 on exit 1981-08-28 x1.0; rest 1.00 on exit 1982-02-05 x1.0; rest 1.00 on exit 1984-06-22 x1.4; rest 1.00 on exit 1984-07-06 x1.0; 1/3 at +100% 1986-04-25 x2.1
Nasdaq Composite 1990s (daily),1990-01..2004-12,1990-01-05,458.22,2000-03-10,5048.62,10.01789533411898,3.747588494609576,-0.5691020516497578,5.085945161796093,0.5076859951285739,0.7853722698377643,2000-04-14,0.3421390399752804,22,13,-0.35497152112923436,5.745561746429058,0.5735298238603875,0.9788773257691645,2000-04-14,0.3421390399752804,22,13,-0.35497152112923436,3.7176039779930283,0.37109630855610964,0.7853722698377643,2000-04-14,0.3421390399752804,6,3,-0.6263098943593298,rest 1.00 on exit 1990-01-12 x1.0; rest 1.00 on exit 1990-07-27 x1.0; rest 1.00 on exit 1992-06-12 x1.4; rest 1.00 on exit 1992-09-25 x1.0; rest 1.00 on exit 1994-04-01 x1.2; rest 1.00 on exit 1994-10-07 x1.0; rest 1.00 on exit 1994-11-25 x1.0; rest 1.00 on exit 1996-07-12 x1.5
"Shanghai Composite 2005-08 (CNY, daily)",2005-01..2009-12,2005-09-09,1189.625,2007-10-12,5903.26416015625,3.96228993183251,1.6406245895502782,-0.4678616876835471,4.002729300140696,1.0102060598805003,2.7664767323995023,2008-02-01,0.26807153252491644,3,1,-0.03358018494248782,2.2949663923416366,0.5792020351424013,1.4807287195099836,2008-02-01,0.26807153252491644,3,1,-0.03358018494248782,3.981815497396365,1.0049278487692153,2.624780814484524,2008-02-01,0.26807153252491644,2,0,0.0,rest 1.00 on exit 2005-09-23 x1.0; 1/3 at +100% 2006-12-22 x2.0; 1/3 at +100% 2006-12-29 x2.3; 1/3 at +200% 2007-04-13 x3.1; rest 0.00 on exit 2008-02-01 x3.8; rest 1.00 on exit 2009-12-25 x1.4
"Shanghai Composite 2014-16 (CNY, daily)",2013-06..2016-12,2013-06-07,2210.89794921875,2015-06-12,5166.35009765625,1.3367655207613032,0.4037902400639235,-0.39925926345978546,0.41500031160538886,0.31045108896064394,0.646152942625839,2015-08-21,0.3210402256564674,8,6,-0.16910084641340095,0.638950025676903,0.47798212607474616,0.9066867939581964,2015-08-21,0.3210402256564674,8,6,-0.16910084641340095,0.30308552022387536,0.22673050397893618,0.664276226408202,2015-07-03,0.28635981507813535,3,2,-0.21776142728426418,rest 1.00 on exit 2013-06-14 x1.0; rest 1.00 on exit 2013-09-20 x1.0; rest 1.00 on exit 2013-10-18 x1.0; rest 1.00 on exit 2013-12-20 x0.9; rest 1.00 on exit 2014-04-18 x1.0; 1/3 at +100% 2015-04-17 x2.0; 1/3 at +100% 2015-04-24 x2.1; rest 0.33 on exit 2015-08-21 x1.6
Bitcoin 2011 cycle (daily),2010-08..2012-12,2011-04-22,1.40450508182349,2011-06-10,24.0493992285213,16.123041802951402,8.580248156908349,-0.4405054740182287,8.112056086004134,0.5031343455624597,2.508079326322924,2011-09-09,0.792644423488368,2,0,0.0,6.806845459151595,0.4221812200415909,2.3871715500231736,2011-09-09,0.792644423488368,2,0,0.0,3.892766205104646,0.24144117795390546,0.7882868978988984,2011-06-17,0.35813910500476476,6,3,-1.03004929372061,1/3 at +100% 2011-04-29 x2.0; 1/3 at +100% 2011-05-06 x2.5; 1/3 at +200% 2011-05-13 x5.8; rest 0.00 on exit 2011-09-09 x3.6; 1/3 at +100% 2012-08-03 x2.1; 1/3 at +100% 2012-08-10 x2.2; rest 0.33 on exit 2012-12-28 x2.6
Bitcoin 2013 cycle (daily),2012-06..2015-06,2012-06-01,5.26694375803624,2013-11-29,1128.7254880187,213.30369107255112,45.1307370140874,-0.7847412856810285,82.10514225047304,0.38492133838671627,78.1531891840242,2014-04-11,0.6261770177512705,3,1,-0.0749261510557595,1.611047930517711,0.007552836626581133,1.4868830642263524,2014-04-11,0.6261770177512705,3,1,-0.0749261510557595,68.22573109935139,0.3198525574325187,11.079245616337671,2013-12-06,0.2694577033205501,7,5,-0.9958915331805688,1/3 at +100% 2012-08-03 x2.1; 1/3 at +100% 2012-08-10 x2.2; 1/3 at +200% 2013-01-25 x3.3; rest 0.00 on exit 2014-04-11 x80.1; rest 1.00 on exit 2014-05-02 x0.9; rest 1.00 on exit 2014-07-25 x1.1
Bitcoin 2016-18 cycle (daily),2015-06..2019-06,2015-07-10,285.558780829924,2017-12-15,17702.0021721216,60.9907471262974,42.27728225444424,-0.3018751303920748,50.436233222533446,0.8269489324026797,24.692612393290492,2018-03-30,0.6140465355328424,4,2,-0.13728675903515664,4.183546515236515,0.06859313440731232,1.5892030402455632,2018-03-30,0.6140465355328424,4,2,-0.13728675903515664,28.38548475907031,0.46540641157076973,1.7204228192418638,2018-01-19,0.3537309819294483,6,2,-0.6729794636795957,rest 1.00 on exit 2015-08-14 x0.9; 1/3 at +100% 2016-06-03 x2.2; 1/3 at +100% 2016-06-10 x2.2; 1/3 at +200% 2016-12-23 x3.5; rest 0.00 on exit 2018-03-30 x26.0; rest 1.00 on exit 2018-05-11 x1.0; 1/3 at +100% 2019-06-28 x2.3; rest 0.67 on exit 2019-06-28 x2.3
Bitcoin 2020-22 cycle (daily),2019-06..2023-06,2019-06-07,8023.950093045,2021-11-12,64078.968037405,6.9859629352564605,2.7991890408400417,-0.5242666323847601,1.1240460460093473,0.16090065985557403,-0.025134953255924075,2021-12-10,0.25970672709897535,10,7,-0.5848655897493674,0.49224200559595777,0.070461582770749,-0.025134953255924075,2021-12-10,0.25970672709897535,10,7,-0.5848655897493674,1.2132725492923813,0.1736729153212779,0.3166857132612877,2021-12-10,0.25970672709897535,7,3,-0.9834446988424659,rest 1.00 on exit 2019-11-22 x0.9; rest 1.00 on exit 2020-01-24 x0.9; rest 1.00 on exit 2020-02-28 x0.9; 1/3 at +100% 2020-11-20 x2.1; 1/3 at +100% 2020-12-04 x2.1; 1/3 at +200% 2021-01-01 x3.3; rest 0.00 on exit 2021-06-25 x3.6; rest 1.00 on exit 2021-09-24 x1.0
"Bitcoin 2023-26 (daily, to date)",2022-12..2026-09,2023-01-20,22660.7169421391,2025-10-03,122348.127640269,4.399128719213405,2.709598249143899,-0.31292650313320414,2.059931749888285,0.46825903067837826,0.6880792512381555,2025-11-07,0.1546378866455974,4,1,-0.11749259654973832,2.7126375233587208,0.6166306322229551,0.7910098982662237,2025-11-07,0.1546378866455974,4,1,-0.11749259654973832,2.9258705888024763,0.6651022908294536,2.7038425619410464,2025-11-21,0.3056857676617737,2,0,0.0,rest 1.00 on exit 2023-03-10 x0.9; 1/3 at +100% 2024-03-01 x2.3; 1/3 at +100% 2024-03-08 x2.5; rest 0.33 on exit 2024-09-06 x2.0; 1/3 at +100% 2025-10-03 x2.0; rest 0.67 on exit 2025-11-07 x1.7; rest 1.00 on exit 2026-09-25 x1.1
"Semiconductors 2023-26 (SOXX, daily, to date)",2022-10..2026-09,2023-01-13,125.6247329711914,2026-06-19,639.0322265625,4.086834506617774,3.5586563977581527,-0.10383237515835864,1.861912495897021,0.45558793557264016,1.6494725455350685,2026-09-25,0.10383237515835864,8,5,-0.3224332823642293,1.4970092268745896,0.36630042749479974,1.3116560698612023,2026-09-25,0.10383237515835864,8,5,-0.3224332823642293,3.0195741654320774,0.7388540349609235,1.7018079760441882,2026-09-25,0.10383237515835864,2,0,0.0,rest 1.00 on exit 2023-10-27 x1.2; rest 1.00 on exit 2024-08-02 x1.3; rest 1.00 on exit 2024-09-06 x0.9; rest 1.00 on exit 2024-11-01 x1.0; rest 1.00 on exit 2024-11-15 x0.9; rest 1.00 on exit 2025-01-31 x0.9; rest 1.00 on exit 2025-05-23 x1.0; 1/3 at +100% 2026-04-24 x2.1
"Nvidia 2023-26 (daily, to date)",2022-10..2026-09,2023-01-13,16.842687606811523,2026-09-04,230.1025238037109,12.661864969261366,12.36306963463455,-0.0218707574184851,9.35407063817704,0.7387593108033842,0.19351910919303172,2026-09-25,0.0218707574184851,4,1,-0.039815826404329124,2.8208357577635876,0.22278201233480238,0.19351910919303172,2026-09-25,0.0218707574184851,4,1,-0.039815826404329124,9.780461559612128,0.7724345176129828,0.6631209205418624,2026-09-25,0.0218707574184851,2,0,0.0,1/3 at +100% 2023-05-26 x2.3; 1/3 at +100% 2023-06-02 x2.3; 1/3 at +200% 2024-01-12 x3.2; rest 0.00 on exit 2025-01-31 x7.1; rest 1.00 on exit 2025-02-28 x1.0; rest 1.00 on exit 2026-03-20 x1.3; rest 1.00 on exit 2026-09-25 x1.2
