book,start,end,cagr,cagr_calendar,vol,maxdd,maxdd_peak,maxdd_trough,worst_day,worst_day_date,sessions
"pipeline: the IRA (the book), from track 38's start",2015-04-07,2026-09-28,0.30021,0.29948,0.21122,-0.24514,2020-02-19,2020-04-21,-0.08921,2024-08-05,2887.0
"pipeline: the IRA (the book), whole window",2014-11-24,2026-09-28,0.29046,0.2895,0.20937,-0.24514,2020-02-19,2020-04-21,-0.08921,2024-08-05,2977.0
pipeline: IRA + taxable (what the governor sees),2015-04-07,2026-09-28,0.27697,0.2763,0.19794,-0.23242,2020-02-19,2020-04-21,-0.08754,2024-08-05,2887.0
SPY total return (replay marks),2015-04-07,2026-09-28,0.13952,0.1392,0.17616,-0.33717,2020-02-19,2020-03-23,-0.10942,2020-03-16,2887.0
"reference: daily-rebalanced, band-free weekly rules (track 38's simulation), no gems",2015-04-07,2026-09-28,0.31686,0.31608,0.20545,-0.22155,2017-12-18,2018-04-02,-0.07232,2024-08-05,2887.0
"reference: daily-rebalanced, the 2% band, no gems",2015-04-07,2026-09-28,0.31435,0.31358,0.20587,-0.22155,2017-12-18,2018-04-02,-0.07232,2024-08-05,2887.0
"reference: the 2% band and G2's vol cut, no gems",2015-04-07,2026-09-28,0.30939,0.30863,0.20075,-0.21938,2020-02-19,2020-04-21,-0.07232,2024-08-05,2887.0
"reference: the 2% band and the D40 governor, no gems",2015-04-07,2026-09-28,0.31231,0.31154,0.2051,-0.21633,2020-02-19,2020-03-16,-0.07232,2024-08-05,2887.0
"reference: the 2% band, the vol cut and the D40 governor (the pipeline's rules), no gems",2015-04-07,2026-09-28,0.30804,0.30728,0.20032,-0.21633,2020-02-19,2020-03-16,-0.07232,2024-08-05,2887.0
track 38: 2x 50% + BTC 30% + gems 15% (hist),2015-04-07,2026-09-28,0.3587,,0.2042,-0.2192,,,-0.0742,2020-09-03,
track 38: SPY,2014-11-25,2026-09-28,0.136,,0.1762,-0.338,,,-0.1198,2020-03-16,
