bear,sunday,friday,nav_total_gov,nav_ira_gov,nav_ira_nogov,peak,drawdown,G,G_step,hard_stop,paused,orders,sent,reasons,SSO_in,QLD_in
1987,1987-08-30,1987-08-28,123411.64984,102081.16588,102081.16588,125214.74112,0.0144,1.0,0.0,False,False,0,,,True,True
1987,1987-09-06,1987-09-04,120693.64333,99337.68024,99337.68024,125214.74112,0.03611,1.0,0.0,False,False,0,,,True,True
1987,1987-09-13,1987-09-11,122068.66536,100686.52699,100686.52699,125214.74112,0.02513,1.0,0.0,False,False,0,,,True,True
1987,1987-09-20,1987-09-18,119905.21495,98497.02559,98497.02559,125214.74112,0.0424,1.0,0.0,False,False,0,,,True,True
1987,1987-09-27,1987-09-25,121510.43773,100075.76055,100075.76055,125214.74112,0.02958,1.0,0.0,False,False,0,,,True,True
1987,1987-10-04,1987-10-02,124446.56525,102984.88547,102984.88547,125214.74112,0.00613,1.0,0.0,False,False,0,,,True,True
1987,1987-10-11,1987-10-09,119547.10839,98058.09777,98058.09777,125214.74112,0.04526,1.0,0.0,False,False,0,,,True,True
1987,1987-10-18,1987-10-16,113342.50402,91825.22016,91825.22016,125214.74112,0.09482,1.0,0.0,False,False,2,sell_all:QLD:19307;buy:SGOV:40201,idle_cash_to_sgov;switch_off,False,False
1987,1987-10-25,1987-10-23,113473.39512,91930.16156,91930.16156,125214.74112,0.09377,1.0,0.0,False,False,0,,,False,False
1987,1987-11-01,1987-10-30,113586.75442,92021.99929,92021.99929,125214.74112,0.09286,1.0,0.0,False,False,0,,,False,False
1987,1987-11-08,1987-11-06,113705.61544,92118.29422,92118.29422,125214.74112,0.09192,1.0,0.0,False,False,0,,,False,False
1987,1987-11-15,1987-11-13,113830.46155,92219.43795,92219.43795,125214.74112,0.09092,1.0,0.0,False,False,0,,,False,False
1987,1987-11-22,1987-11-20,113958.09756,92322.84192,92322.84192,125214.74112,0.0899,1.0,0.0,False,False,0,,,False,False
1987,1987-11-29,1987-11-27,114083.3744,92424.33461,92424.33461,125214.74112,0.0889,1.0,0.0,False,False,0,,,False,False
1987,1987-12-06,1987-12-04,114203.75517,92521.86076,92521.86076,125214.74112,0.08794,1.0,0.0,False,False,0,,,False,False
1987,1987-12-13,1987-12-11,114328.08426,92622.58564,92622.58564,125214.74112,0.08694,1.0,0.0,False,False,0,,,False,False
1987,1987-12-20,1987-12-18,114457.2817,92727.25459,92727.25459,125214.74112,0.08591,1.0,0.0,False,False,0,,,False,False
1987,1987-12-27,1987-12-24,114567.66652,92816.68255,92816.68255,125214.74112,0.08503,1.0,0.0,False,False,0,,,False,False
2000-02,2000-03-26,2000-03-24,667145.97569,625619.35446,636952.91415,667145.97569,0.0,1.0,0.0,False,False,0,,,True,True
2000-02,2000-04-02,2000-03-31,641119.00865,599546.78079,609051.89341,667145.97569,0.03901,1.0,0.0,False,False,0,,,True,True
2000-02,2000-04-09,2000-04-07,637067.21607,595449.47967,604326.42456,667145.97569,0.04509,1.0,0.0,False,False,0,,,True,True
2000-02,2000-04-16,2000-04-14,545496.64225,503833.41597,507090.02386,667145.97569,0.18234,0.87871,-0.12129,False,False,3,sell_all:SSO:126612;buy:QLD:39610;buy:SGOV:137046,governor_restore;idle_cash_to_sgov;switch_off,False,True
2000-02,2000-04-23,2000-04-20,565896.55175,524194.61806,530392.14077,667145.97569,0.15177,0.99338,0.11467,False,False,3,sell:QLD:534;sell:SGOV:143516;buy:SSO:130181,fund_buys;rebalance;switch_on,True,True
2000-02,2000-04-30,2000-04-28,587890.26372,546136.96353,555203.00585,667145.97569,0.1188,1.0,0.00662,False,False,0,,,True,True
2000-02,2000-05-07,2000-05-05,576837.28008,535038.35322,542886.84296,667145.97569,0.13537,1.0,0.0,False,False,0,,,True,True
2000-02,2000-05-14,2000-05-12,540004.38351,498158.34742,501561.99079,667145.97569,0.19058,0.84784,-0.15216,False,False,3,buy:SSO:105590;buy:QLD:105590;buy:SGOV:36749,idle_cash_to_sgov;switch_on,True,True
2000-02,2000-05-21,2000-05-19,528457.82936,486564.22949,487691.39544,667145.97569,0.20788,0.78294,-0.0649,False,False,1,sell_all:QLD:96009,switch_off,True,False
2000-02,2000-05-28,2000-05-26,524542.10458,482602.44905,482887.62172,667145.97569,0.21375,0.76093,-0.02201,False,False,0,,,True,False
2000-02,2000-06-04,2000-06-02,539497.23264,497512.46286,500496.5659,667145.97569,0.19134,0.84499,0.08406,False,False,2,sell:SGOV:20538;buy:QLD:105098,fund_buys;switch_on,True,True
2000-02,2000-06-11,2000-06-09,537282.17172,495251.22302,497713.65614,667145.97569,0.19466,0.83254,-0.01245,False,False,0,,,True,True
2000-02,2000-06-18,2000-06-16,539646.32958,497569.31258,500370.07538,667145.97569,0.19111,0.84583,0.01329,False,False,0,,,True,True
2000-02,2000-06-25,2000-06-23,530052.86363,487930.21237,488805.98693,667145.97569,0.20549,0.79191,-0.05392,False,False,0,,,True,True
2000-02,2000-07-02,2000-06-30,536108.44627,493939.92647,495855.38606,667145.97569,0.19642,0.82594,0.03404,False,False,0,,,True,True
2000-02,2000-07-09,2000-07-07,543858.82124,501643.72488,504914.86528,667145.97569,0.1848,0.86951,0.04356,False,False,0,,,True,True
2000-02,2000-07-16,2000-07-14,559914.80146,517651.76804,523854.7227,667145.97569,0.16073,0.95976,0.09025,False,False,3,sell:SGOV:1220;buy:SSO:6790;buy:QLD:4887,fund_buys;governor_restore,True,True
2000-02,2000-07-23,2000-07-21,546611.97487,504300.37058,508620.10799,667145.97569,0.18067,0.88498,-0.07477,False,False,0,,,True,True
2000-02,2000-07-30,2000-07-28,512408.24003,470048.05541,469575.23059,667145.97569,0.23194,0.69273,-0.19226,False,False,3,sell_all:QLD:90777;sell:SSO:28007;buy:SGOV:119491,governor_cut;idle_cash_to_sgov;switch_off,True,False
2000-02,2000-08-06,2000-08-04,517794.82766,475385.55396,477370.25193,667145.97569,0.22387,0.723,0.03028,False,False,0,,,True,False
2000-02,2000-08-13,2000-08-11,519257.55549,476798.96138,479224.0037,667145.97569,0.22167,0.73123,0.00822,False,False,0,,,True,False
2000-02,2000-08-20,2000-08-18,522007.22772,479498.94154,483017.11334,667145.97569,0.21755,0.74668,0.01546,False,False,2,sell:SGOV:98873;buy:QLD:89508,fund_buys;switch_on,True,True
2000-02,2000-08-27,2000-08-25,529629.82879,487071.81566,493289.05205,667145.97569,0.20613,0.78953,0.04285,False,False,0,,,True,True
2000-02,2000-09-03,2000-09-01,539755.00417,497146.91419,506936.21717,667145.97569,0.19095,0.84644,0.05691,False,False,0,,,True,True
2000-02,2000-09-10,2000-09-08,522467.17834,479809.48193,482812.37823,667145.97569,0.21686,0.74927,-0.09717,False,False,0,,,True,True
2000-02,2000-09-17,2000-09-15,512831.62636,470125.20964,468983.03589,667145.97569,0.23131,0.69511,-0.05416,False,False,1,sell_all:QLD:82220,switch_off,True,False
2000-02,2000-09-24,2000-09-22,511156.83713,468401.45707,466110.14013,667145.97569,0.23382,0.68569,-0.00941,False,False,0,,,True,False
2000-02,2000-10-01,2000-09-29,510091.32726,467286.6698,464150.47072,667145.97569,0.23541,0.6797,-0.00599,False,False,0,,,True,False
2000-02,2000-10-08,2000-10-06,507361.60011,464507.23287,459676.38102,667145.97569,0.2395,0.66436,-0.01534,False,False,2,sell_all:SSO:79101;buy:SGOV:171212,idle_cash_to_sgov;switch_off,False,False
2000-02,2000-10-15,2000-10-13,507926.7715,465022.66026,460174.10772,667145.97569,0.23866,0.66754,0.00318,False,False,0,,,False,False
2000-02,2000-10-22,2000-10-20,508518.44681,465564.3573,460710.15677,667145.97569,0.23777,0.67086,0.00333,False,False,0,,,False,False
2000-02,2000-10-29,2000-10-27,509119.17744,466114.34476,461254.40979,667145.97569,0.23687,0.67424,0.00338,False,False,0,,,False,False
2000-02,2000-11-05,2000-11-03,509722.85119,466667.02674,461801.32924,667145.97569,0.23597,0.67763,0.00339,False,False,0,,,False,False
2000-02,2000-11-12,2000-11-10,510330.59532,467223.43528,462351.93639,667145.97569,0.23505,0.68105,0.00342,False,False,0,,,False,False
2000-02,2000-11-19,2000-11-17,510936.26503,467777.94461,462900.66414,667145.97569,0.23415,0.68445,0.0034,False,False,0,,,False,False
2000-02,2000-11-26,2000-11-24,511541.6583,468332.20087,463449.14145,667145.97569,0.23324,0.68785,0.0034,False,False,0,,,False,False
2000-02,2000-12-03,2000-12-01,512142.73297,468882.50332,463993.70617,667145.97569,0.23234,0.69123,0.00338,False,False,0,,,False,False
2000-02,2000-12-10,2000-12-08,512731.17274,469421.23811,464526.82386,667145.97569,0.23146,0.69454,0.00331,False,False,0,,,False,False
2000-02,2000-12-17,2000-12-15,513312.13494,469953.12696,465053.16698,667145.97569,0.23058,0.69781,0.00327,False,False,0,,,False,False
2000-02,2000-12-24,2000-12-22,513874.75265,470468.22087,465562.89027,667145.97569,0.22974,0.70097,0.00316,False,False,0,,,False,False
2000-02,2000-12-31,2000-12-29,514401.89128,470950.83258,466040.47003,667145.97569,0.22895,0.70393,0.00296,False,False,0,,,False,False
2000-02,2001-01-07,2001-01-05,514956.92107,471458.97951,466543.31878,667145.97569,0.22812,0.70705,0.00312,False,False,0,,,False,False
2000-02,2001-01-14,2001-01-12,515457.2435,471917.04016,466996.60346,667145.97569,0.22737,0.70986,0.00281,False,False,0,,,False,False
2000-02,2001-01-21,2001-01-19,515970.59767,472387.03177,467461.69471,667145.97569,0.2266,0.71275,0.00289,False,False,0,,,False,False
2000-02,2001-01-28,2001-01-26,516476.714,472850.39691,467920.22858,667145.97569,0.22584,0.71559,0.00284,False,False,0,,,False,False
2000-02,2001-02-04,2001-02-02,516968.31601,473300.47375,468365.6127,667145.97569,0.2251,0.71836,0.00276,False,False,0,,,False,False
2000-02,2001-02-11,2001-02-09,517458.26097,473749.03351,468809.49555,667145.97569,0.22437,0.72111,0.00275,False,False,0,,,False,False
2000-02,2001-02-18,2001-02-16,517947.96084,474197.36888,469253.15636,667145.97569,0.22364,0.72386,0.00275,False,False,0,,,False,False
2000-02,2001-02-25,2001-02-23,518434.12019,474642.46279,469693.60951,667145.97569,0.22291,0.7266,0.00273,False,False,0,,,False,False
2000-02,2001-03-04,2001-03-02,518905.41303,475073.94596,470120.59382,667145.97569,0.2222,0.72925,0.00265,False,False,0,,,False,False
2000-02,2001-03-11,2001-03-09,519369.8788,475499.17872,470541.3929,667145.97569,0.2215,0.73186,0.00261,False,False,0,,,False,False
2000-02,2001-03-18,2001-03-16,519821.80303,475912.92932,470950.82954,667145.97569,0.22083,0.7344,0.00254,False,False,0,,,False,False
2000-02,2001-03-25,2001-03-23,520255.73718,476310.20946,471343.96744,667145.97569,0.22018,0.73684,0.00244,False,False,0,,,False,False
2000-02,2001-04-01,2001-03-30,520675.62977,476694.6341,471724.38388,667145.97569,0.21955,0.7392,0.00236,False,False,0,,,False,False
2000-02,2001-04-08,2001-04-06,521086.297,477070.61264,472096.44229,667145.97569,0.21893,0.7415,0.00231,False,False,0,,,False,False
2000-02,2001-04-15,2001-04-12,521417.86402,477374.1725,472396.83708,667145.97569,0.21844,0.74337,0.00186,False,False,0,,,False,False
2000-02,2001-04-22,2001-04-20,521865.84418,477784.31218,472802.70045,667145.97569,0.21776,0.74589,0.00252,False,False,0,,,False,False
2000-02,2001-04-29,2001-04-27,522236.25117,478123.43124,473138.28368,667145.97569,0.21721,0.74797,0.00208,False,False,0,,,False,False
2000-02,2001-05-06,2001-05-04,522615.7967,478470.91689,473482.14629,667145.97569,0.21664,0.7501,0.00213,False,False,0,,,False,False
2000-02,2001-05-13,2001-05-11,522981.29203,478805.53917,473813.27963,667145.97569,0.21609,0.75216,0.00205,False,False,0,,,False,False
2000-02,2001-05-20,2001-05-18,523342.88495,479136.58867,474140.87744,667145.97569,0.21555,0.75419,0.00203,False,False,0,,,False,False
2000-02,2001-05-27,2001-05-25,523699.99487,479463.53384,474464.41372,667145.97569,0.21501,0.7562,0.00201,False,False,0,,,False,False
2000-02,2001-06-03,2001-06-01,524060.20421,479793.31662,474790.75803,667145.97569,0.21447,0.75822,0.00202,False,False,0,,,False,False
2000-02,2001-06-10,2001-06-08,524419.38338,480122.15626,475116.16902,667145.97569,0.21394,0.76024,0.00202,False,False,0,,,False,False
2000-02,2001-06-17,2001-06-15,524773.34609,480446.22006,475436.85398,667145.97569,0.21341,0.76223,0.00199,False,False,0,,,False,False
2000-02,2001-06-24,2001-06-22,525118.91736,480762.60124,475749.93642,667145.97569,0.21289,0.76417,0.00194,False,False,0,,,False,False
2000-02,2001-07-01,2001-06-29,525462.41357,481077.08264,476061.13888,667145.97569,0.21237,0.7661,0.00193,False,False,1,buy:SGOV:385,idle_cash_to_sgov,False,False
2000-02,2001-07-08,2001-07-06,525822.837,481407.06142,476387.67715,667145.97569,0.21183,0.76813,0.00203,False,False,0,,,False,False
2000-02,2001-07-15,2001-07-13,526180.05338,481734.10407,476711.30988,667145.97569,0.2113,0.77014,0.00201,False,False,0,,,False,False
2000-02,2001-07-22,2001-07-20,526535.34888,482059.38808,477033.20233,667145.97569,0.21076,0.77213,0.002,False,False,0,,,False,False
2000-02,2001-07-29,2001-07-27,526885.54449,482380.00299,477350.47435,667145.97569,0.21024,0.7741,0.00197,False,False,0,,,False,False
2000-02,2001-08-05,2001-08-03,527235.82842,482700.69875,477667.82638,667145.97569,0.20971,0.77607,0.00197,False,False,0,,,False,False
2000-02,2001-08-12,2001-08-10,527582.44316,483018.03526,477981.85418,667145.97569,0.20919,0.77802,0.00195,False,False,0,,,False,False
2000-02,2001-08-19,2001-08-17,527921.76598,483328.69579,478289.27562,667145.97569,0.20869,0.77993,0.00191,False,False,0,,,False,False
2000-02,2001-08-26,2001-08-24,528256.82142,483635.4494,478592.83087,667145.97569,0.20818,0.78181,0.00188,False,False,0,,,False,False
2000-02,2001-09-02,2001-08-31,528595.27479,483945.31393,478899.46459,667145.97569,0.20768,0.78371,0.0019,False,False,0,,,False,False
2000-02,2001-09-09,2001-09-07,528930.74464,484252.44695,479203.39529,667145.97569,0.20717,0.7856,0.00189,False,False,0,,,False,False
2000-02,2001-09-16,2001-09-10,529069.86067,484379.81197,479329.43235,667145.97569,0.20697,0.78638,0.00078,False,False,0,,,False,False
2000-02,2001-09-23,2001-09-21,529467.54012,484743.8998,479689.72402,667145.97569,0.20637,0.78862,0.00224,False,False,0,,,False,False
2000-02,2001-09-30,2001-09-28,529699.23792,484956.0263,479899.63878,667145.97569,0.20602,0.78992,0.0013,False,False,0,,,False,False
2000-02,2001-10-07,2001-10-05,529930.74599,485167.97909,480109.38165,667145.97569,0.20567,0.79122,0.0013,False,False,0,,,False,False
2000-02,2001-10-14,2001-10-12,530151.31811,485369.91968,480309.21672,667145.97569,0.20534,0.79246,0.00124,False,False,0,,,False,False
2000-02,2001-10-21,2001-10-19,530374.30651,485574.07246,480511.2409,667145.97569,0.20501,0.79371,0.00125,False,False,0,,,False,False
2000-02,2001-10-28,2001-10-26,530592.59214,485773.9197,480709.00444,667145.97569,0.20468,0.79494,0.00123,False,False,0,,,False,False
2000-02,2001-11-04,2001-11-02,530801.80653,485965.46194,480898.54956,667145.97569,0.20437,0.79612,0.00118,False,False,0,,,False,False
2000-02,2001-11-11,2001-11-09,530994.9566,486142.2968,481073.54065,667145.97569,0.20408,0.7972,0.00109,False,False,0,,,False,False
2000-02,2001-11-18,2001-11-16,531180.17399,486311.86905,481241.34486,667145.97569,0.2038,0.79824,0.00104,False,False,0,,,False,False
2000-02,2001-11-25,2001-11-23,531374.9163,486490.16166,481417.7785,667145.97569,0.20351,0.79934,0.00109,False,False,0,,,False,False
2000-02,2001-12-02,2001-11-30,531566.52767,486665.58779,481591.37555,667145.97569,0.20322,0.80041,0.00108,False,False,0,,,False,False
2000-02,2001-12-09,2001-12-07,531743.78672,486827.87393,481751.96962,667145.97569,0.20296,0.80141,0.001,False,False,0,,,False,False
2000-02,2001-12-16,2001-12-14,531912.65326,486982.47647,481904.9602,667145.97569,0.2027,0.80236,0.00095,False,False,0,,,False,False
2000-02,2001-12-23,2001-12-21,532084.7802,487140.064,482060.90464,667145.97569,0.20245,0.80333,0.00097,False,False,0,,,False,False
2000-02,2001-12-30,2001-12-28,532257.54505,487298.23556,482217.42703,667145.97569,0.20219,0.8043,0.00097,False,False,0,,,False,False
2000-02,2002-01-06,2002-01-04,532431.09525,487457.12613,482374.66093,667145.97569,0.20193,0.80527,0.00098,False,False,2,sell:SGOV:109038;buy:QLD:98134,fund_buys;switch_on,False,True
2000-02,2002-01-13,2002-01-11,525913.4613,480925.09882,474310.33817,667145.97569,0.2117,0.76864,-0.03664,False,False,0,,,False,True
2000-02,2002-01-20,2002-01-18,522973.59803,477971.72523,470645.9946,667145.97569,0.2161,0.75211,-0.01652,False,False,0,,,False,False
2000-02,2002-01-27,2002-01-25,523136.81032,478120.8931,470792.87622,667145.97569,0.21586,0.75303,0.00092,False,False,0,,,False,False
2000-02,2002-02-03,2002-02-01,523307.53108,478276.92335,470946.51504,667145.97569,0.2156,0.75399,0.00096,False,False,0,,,False,False
2000-02,2002-02-10,2002-02-08,523480.602,478435.10151,471102.26885,667145.97569,0.21534,0.75496,0.00097,False,False,0,,,False,False
2000-02,2002-02-17,2002-02-15,523652.29568,478592.02095,471256.78323,667145.97569,0.21509,0.75593,0.00097,False,False,0,,,False,False
2000-02,2002-02-24,2002-02-22,523824.6162,478749.51329,471411.86174,667145.97569,0.21483,0.7569,0.00097,False,False,0,,,False,False
2000-02,2002-03-03,2002-03-01,523999.29367,478909.15977,471569.06136,667145.97569,0.21457,0.75788,0.00098,False,False,0,,,False,False
2000-02,2002-03-10,2002-03-08,524175.17818,479069.90941,471727.34724,667145.97569,0.2143,0.75887,0.00099,False,False,0,,,False,False
2000-02,2002-03-17,2002-03-15,524355.14383,479234.38902,471889.30592,667145.97569,0.21403,0.75988,0.00101,False,False,0,,,False,False
2000-02,2002-03-24,2002-03-22,524537.90139,479401.4203,472053.77716,667145.97569,0.21376,0.76091,0.00103,False,False,0,,,False,False
2000-02,2002-03-31,2002-03-28,524692.40371,479542.62769,472192.82031,667145.97569,0.21353,0.76177,0.00087,False,False,0,,,False,False
2000-02,2002-04-07,2002-04-05,524894.68864,479727.50601,472374.86505,667145.97569,0.21322,0.76291,0.00114,False,False,0,,,False,False
2000-02,2002-04-14,2002-04-12,525066.98984,479884.98069,472529.92617,667145.97569,0.21297,0.76388,0.00097,False,False,0,,,False,False
2000-02,2002-04-21,2002-04-19,525237.0455,480040.40306,472682.96642,667145.97569,0.21271,0.76484,0.00096,False,False,0,,,False,False
2000-02,2002-04-28,2002-04-26,525408.16373,480196.79657,472836.96294,667145.97569,0.21245,0.7658,0.00096,False,False,0,,,False,False
2000-02,2002-05-05,2002-05-03,525582.64936,480356.26772,472993.98992,667145.97569,0.21219,0.76678,0.00098,False,False,0,,,False,False
2000-02,2002-05-12,2002-05-10,525757.19289,480515.79178,473151.069,667145.97569,0.21193,0.76776,0.00098,False,False,0,,,False,False
2000-02,2002-05-19,2002-05-17,525932.37069,480675.89553,473308.71889,667145.97569,0.21167,0.76874,0.00098,False,False,0,,,False,False
2000-02,2002-05-26,2002-05-24,526106.02144,480834.60363,473464.99452,667145.97569,0.21141,0.76972,0.00098,False,False,0,,,False,False
2000-02,2002-06-02,2002-05-31,526279.14943,480992.83396,473620.7997,667145.97569,0.21115,0.77069,0.00097,False,False,0,,,False,False
2000-02,2002-06-09,2002-06-07,526452.33785,481151.11952,473776.65926,667145.97569,0.21089,0.77167,0.00097,False,False,0,,,False,False
2000-02,2002-06-16,2002-06-14,526625.00617,481308.92973,473932.05076,667145.97569,0.21063,0.77264,0.00097,False,False,0,,,False,False
2000-02,2002-06-23,2002-06-21,526795.56642,481464.81328,474085.54513,667145.97569,0.21037,0.7736,0.00096,False,False,0,,,False,False
2000-02,2002-06-30,2002-06-28,526966.03751,481620.61533,474238.95925,667145.97569,0.21012,0.77455,0.00096,False,False,0,,,False,False
2000-02,2002-07-07,2002-07-05,527135.84065,481775.80691,474391.77225,667145.97569,0.20986,0.77551,0.00095,False,False,0,,,False,False
2000-02,2002-07-14,2002-07-12,527306.85523,481932.10569,474545.67549,667145.97569,0.20961,0.77647,0.00096,False,False,0,,,False,False
2000-02,2002-07-21,2002-07-19,527477.2028,482087.79485,474698.97845,667145.97569,0.20935,0.77743,0.00096,False,False,0,,,False,False
2000-02,2002-07-28,2002-07-26,527646.59351,482242.6095,474851.4203,667145.97569,0.2091,0.77838,0.00095,False,False,0,,,False,False
2000-02,2002-08-04,2002-08-02,527815.60491,482397.07746,475003.52078,667145.97569,0.20885,0.77933,0.00095,False,False,0,,,False,False
2000-02,2002-08-11,2002-08-09,527977.29373,482544.85296,475149.03137,667145.97569,0.2086,0.78024,0.00091,False,False,0,,,False,False
2000-02,2002-08-18,2002-08-16,528139.46619,482693.07049,475294.9772,667145.97569,0.20836,0.78115,0.00091,False,False,0,,,False,False
2000-02,2002-08-25,2002-08-23,528301.68846,482841.33353,475440.96787,667145.97569,0.20812,0.78206,0.00091,False,False,0,,,False,False
2000-02,2002-09-01,2002-08-30,528467.29036,482992.68539,475590.0,667145.97569,0.20787,0.78299,0.00093,False,False,0,,,False,False
2000-02,2002-09-08,2002-09-06,528632.79591,483143.94918,475738.94542,667145.97569,0.20762,0.78392,0.00093,False,False,0,,,False,False
2000-02,2002-09-15,2002-09-13,528799.66051,483296.45509,475889.11391,667145.97569,0.20737,0.78486,0.00094,False,False,0,,,False,False
2000-02,2002-09-22,2002-09-20,528967.737,483450.0686,476040.37303,667145.97569,0.20712,0.78581,0.00094,False,False,0,,,False,False
2000-02,2002-09-29,2002-09-27,529132.24302,483600.41888,476188.41894,667145.97569,0.20687,0.78673,0.00092,False,False,0,,,False,False
2000-02,2002-10-06,2002-10-04,529291.58008,483746.04498,476331.81307,667145.97569,0.20663,0.78763,0.0009,False,False,0,,,False,False
2007-09,2007-10-14,2007-10-12,767789.88286,715303.45476,717321.41386,767789.88286,0.0,1.0,0.0,False,False,0,,,True,True
2007-09,2007-10-21,2007-10-19,743723.98107,691197.03354,693146.98478,767789.88286,0.03134,1.0,0.0,False,False,0,,,True,True
2007-09,2007-10-28,2007-10-26,763474.67512,710909.40858,712914.9714,767789.88286,0.00562,1.0,0.0,False,False,0,,,True,True
2007-09,2007-11-04,2007-11-02,762613.39208,710009.37519,712012.39889,767789.88286,0.00674,1.0,0.0,False,False,1,sell:QLD:45368,rebalance,True,True
2007-09,2007-11-11,2007-11-09,729101.88549,676462.49268,678370.87528,767789.88286,0.05039,1.0,0.0,False,False,1,buy:SGOV:226193,idle_cash_to_sgov,False,True
2007-09,2007-11-18,2007-11-16,731054.84703,678382.68047,680296.48021,767789.88286,0.04785,1.0,0.0,False,False,0,,,False,True
2007-09,2007-11-25,2007-11-23,727655.7089,674951.08073,676855.19935,767789.88286,0.05227,1.0,0.0,False,False,0,,,False,True
2007-09,2007-12-02,2007-11-30,737280.9754,684545.30982,686476.4953,767789.88286,0.03974,1.0,0.0,False,False,0,,,False,True
2007-09,2007-12-09,2007-12-07,743233.66325,690467.28887,692415.18119,767789.88286,0.03198,1.0,0.0,False,False,0,,,False,True
2007-09,2007-12-16,2007-12-14,734912.81215,682116.68012,684041.01401,767789.88286,0.04282,1.0,0.0,False,False,0,,,False,True
2007-09,2007-12-23,2007-12-21,740669.27864,687844.03771,689784.52938,767789.88286,0.03532,1.0,0.0,False,False,0,,,False,True
2007-09,2007-12-30,2007-12-28,739648.59685,686792.07398,688729.59788,767789.88286,0.03665,1.0,0.0,False,False,0,,,False,True
2007-09,2008-01-06,2008-01-04,721103.85145,668215.14444,670100.25981,767789.88286,0.06081,1.0,0.0,False,False,1,sell_all:QLD:130018,switch_off,False,False
2007-09,2008-01-13,2008-01-11,721573.62943,668653.00823,670539.35886,767789.88286,0.06019,1.0,0.0,False,False,0,,,False,False
2007-09,2008-01-20,2008-01-18,721995.1982,669043.6589,670931.11161,767789.88286,0.05964,1.0,0.0,False,False,0,,,False,False
2007-09,2008-01-27,2008-01-25,722350.11309,669372.54414,671260.92467,767789.88286,0.05918,1.0,0.0,False,False,0,,,False,False
2007-09,2008-02-03,2008-02-01,722653.94244,669654.09047,671543.26528,767789.88286,0.05879,1.0,0.0,False,False,0,,,False,False
2007-09,2008-02-10,2008-02-08,722945.22528,669924.01045,671813.94674,767789.88286,0.05841,1.0,0.0,False,False,0,,,False,False
2007-09,2008-02-17,2008-02-15,723252.67383,670208.91055,672099.65058,767789.88286,0.05801,1.0,0.0,False,False,0,,,False,False
2007-09,2008-02-24,2008-02-22,723554.29899,670488.41435,672379.94289,767789.88286,0.05761,1.0,0.0,False,False,0,,,False,False
2007-09,2008-03-02,2008-02-29,723841.58145,670754.62735,672646.90691,767789.88286,0.05724,1.0,0.0,False,False,0,,,False,False
2007-09,2008-03-09,2008-03-07,724071.6502,670967.82273,672860.70374,767789.88286,0.05694,1.0,0.0,False,False,0,,,False,False
2007-09,2008-03-16,2008-03-14,724266.4744,671148.35841,673041.74873,767789.88286,0.05669,1.0,0.0,False,False,0,,,False,False
2007-09,2008-03-23,2008-03-20,724387.12545,671260.16084,673153.86657,767789.88286,0.05653,1.0,0.0,False,False,0,,,False,False
2007-09,2008-03-30,2008-03-28,724536.57951,671398.65386,673292.7503,767789.88286,0.05633,1.0,0.0,False,False,0,,,False,False
2007-09,2008-04-06,2008-04-04,724723.98448,671572.31444,673466.90079,767789.88286,0.05609,1.0,0.0,False,False,0,,,False,False
2007-09,2008-04-13,2008-04-11,724909.65044,671744.36355,673639.43528,767789.88286,0.05585,1.0,0.0,False,False,0,,,False,False
2007-09,2008-04-20,2008-04-18,725068.34879,671891.42288,673786.90947,767789.88286,0.05564,1.0,0.0,False,False,0,,,False,False
2007-09,2008-04-27,2008-04-25,725247.74488,672057.66196,673953.61753,767789.88286,0.05541,1.0,0.0,False,False,0,,,False,False
2007-09,2008-05-04,2008-05-02,725438.91115,672234.80799,674131.26331,767789.88286,0.05516,1.0,0.0,False,False,0,,,False,False
2007-09,2008-05-11,2008-05-09,725653.38645,672433.55355,674330.56955,767789.88286,0.05488,1.0,0.0,False,False,0,,,False,False
2007-09,2008-05-18,2008-05-16,725894.17405,672656.68165,674554.32713,767789.88286,0.05457,1.0,0.0,False,False,2,sell:SGOV:48383;buy:QLD:168164,fund_buys;switch_on,False,True
2007-09,2008-05-25,2008-05-23,714327.07914,661071.04605,662936.00715,767789.88286,0.06963,1.0,0.0,False,False,1,buy:SGOV:175094,idle_cash_to_sgov,False,False
2007-09,2008-06-01,2008-05-30,714578.98023,661304.16687,663169.78564,767789.88286,0.0693,1.0,0.0,False,False,2,sell:SGOV:183696;buy:QLD:165326,fund_buys;switch_on,False,True
2007-09,2008-06-08,2008-06-06,707668.18252,654374.65489,656220.72443,767789.88286,0.0783,1.0,0.0,False,False,0,,,False,True
2007-09,2008-06-15,2008-06-13,700250.12778,646937.3973,648762.4852,767789.88286,0.08797,1.0,0.0,False,False,1,buy:SGOV:168989,idle_cash_to_sgov,False,False
2007-09,2008-06-22,2008-06-20,700511.27047,647178.6582,649004.42672,767789.88286,0.08763,1.0,0.0,False,False,0,,,False,False
2007-09,2008-06-29,2008-06-27,700753.50524,647402.45071,649228.85058,767789.88286,0.08731,1.0,0.0,False,False,0,,,False,False
2007-09,2008-07-06,2008-07-03,700953.57551,647587.28886,649414.21018,767789.88286,0.08705,1.0,0.0,False,False,0,,,False,False
2007-09,2008-07-13,2008-07-11,701229.00083,647841.74499,649669.38416,767789.88286,0.08669,1.0,0.0,False,False,0,,,False,False
2007-09,2008-07-20,2008-07-18,701428.05485,648025.64426,649853.80224,767789.88286,0.08643,1.0,0.0,False,False,0,,,False,False
2007-09,2008-07-27,2008-07-25,701630.04929,648212.26009,650040.94453,767789.88286,0.08617,1.0,0.0,False,False,0,,,False,False
2007-09,2008-08-03,2008-08-01,701857.67357,648422.55446,650251.83217,767789.88286,0.08587,1.0,0.0,False,False,0,,,False,False
2007-09,2008-08-10,2008-08-08,702080.17886,648628.11957,650457.9772,767789.88286,0.08558,1.0,0.0,False,False,0,,,False,False
2007-09,2008-08-17,2008-08-15,702317.76204,648847.61463,650678.09149,767789.88286,0.08527,1.0,0.0,False,False,2,sell:SGOV:180235;buy:QLD:162212,fund_buys;switch_on,False,True
2007-09,2008-08-24,2008-08-22,696165.33098,642677.07473,644490.14372,767789.88286,0.09329,1.0,0.0,False,False,1,buy:SGOV:173906,idle_cash_to_sgov,False,False
2007-09,2008-08-31,2008-08-29,696389.46554,642883.98843,644697.64115,767789.88286,0.09299,1.0,0.0,False,False,0,,,False,False
2007-09,2008-09-07,2008-09-05,696614.24022,643091.49306,644905.73118,767789.88286,0.0927,1.0,0.0,False,False,0,,,False,False
2007-09,2008-09-14,2008-09-12,696833.17407,643293.60564,645108.41393,767789.88286,0.09242,1.0,0.0,False,False,0,,,False,False
2007-09,2008-09-21,2008-09-19,696957.46415,643408.34618,645223.47817,767789.88286,0.09225,1.0,0.0,False,False,0,,,False,False
2007-09,2008-09-28,2008-09-26,697077.00435,643518.70178,645334.1451,767789.88286,0.0921,1.0,0.0,False,False,0,,,False,False
2007-09,2008-10-05,2008-10-03,697189.68917,643622.72873,645438.46552,767789.88286,0.09195,1.0,0.0,False,False,0,,,False,False
2007-09,2008-10-12,2008-10-10,697268.00699,643695.02917,645510.96993,767789.88286,0.09185,1.0,0.0,False,False,0,,,False,False
2007-09,2008-10-19,2008-10-17,697305.64113,643729.77178,645545.81055,767789.88286,0.0918,1.0,0.0,False,False,0,,,False,False
2007-09,2008-10-26,2008-10-24,697434.03086,643848.29699,645664.67013,767789.88286,0.09163,1.0,0.0,False,False,0,,,False,False
2007-09,2008-11-02,2008-10-31,697533.20508,643939.85138,645756.48282,767789.88286,0.09151,1.0,0.0,False,False,0,,,False,False
2007-09,2008-11-09,2008-11-07,697590.34717,643992.60309,645809.38334,767789.88286,0.09143,1.0,0.0,False,False,0,,,False,False
2007-09,2008-11-16,2008-11-14,697626.08737,644025.59727,645842.47061,767789.88286,0.09138,1.0,0.0,False,False,0,,,False,False
2007-09,2008-11-23,2008-11-21,697640.61338,644039.00721,645855.91837,767789.88286,0.09137,1.0,0.0,False,False,0,,,False,False
2007-09,2008-11-30,2008-11-28,697648.06765,644045.88875,645862.81933,767789.88286,0.09136,1.0,0.0,False,False,0,,,False,False
2007-09,2008-12-07,2008-12-05,697651.89038,644049.41778,645866.35831,767789.88286,0.09135,1.0,0.0,False,False,0,,,False,False
2007-09,2008-12-14,2008-12-12,697654.37517,644051.71165,645868.65866,767789.88286,0.09135,1.0,0.0,False,False,0,,,False,False
2007-09,2008-12-21,2008-12-19,697658.00681,644055.06426,645872.02072,767789.88286,0.09134,1.0,0.0,False,False,0,,,False,False
2007-09,2008-12-28,2008-12-26,697659.72706,644056.65234,645873.61328,767789.88286,0.09134,1.0,0.0,False,False,0,,,False,False
2007-09,2009-01-04,2009-01-02,697668.71066,644064.94571,645881.93005,767789.88286,0.09133,1.0,0.0,False,False,0,,,False,False
2007-09,2009-01-11,2009-01-09,697682.473,644077.65065,645894.67083,767789.88286,0.09131,1.0,0.0,False,False,0,,,False,False
2007-09,2009-01-18,2009-01-16,697695.27987,644089.47353,645906.52706,767789.88286,0.09129,1.0,0.0,False,False,0,,,False,False
2007-09,2009-01-25,2009-01-23,697710.95422,644103.94358,645921.03794,767789.88286,0.09127,1.0,0.0,False,False,0,,,False,False
2007-09,2009-02-01,2009-01-30,697730.64327,644122.11986,645939.2655,767789.88286,0.09125,1.0,0.0,False,False,0,,,False,False
2007-09,2009-02-08,2009-02-06,697766.96421,644155.65017,645972.8904,767789.88286,0.0912,1.0,0.0,False,False,0,,,False,False
2007-09,2009-02-15,2009-02-13,697806.34586,644192.00602,646009.34881,767789.88286,0.09115,1.0,0.0,False,False,0,,,False,False
2007-09,2009-02-22,2009-02-20,697846.30316,644228.8933,646046.34015,767789.88286,0.0911,1.0,0.0,False,False,0,,,False,False
2007-09,2009-03-01,2009-02-27,697884.5421,644264.19423,646081.74067,767789.88286,0.09105,1.0,0.0,False,False,0,,,False,False
2007-09,2009-03-08,2009-03-06,697918.76773,644295.79022,646113.4258,767789.88286,0.091,1.0,0.0,False,False,0,,,False,False
