target,bets per year,"payoff (win +b, lose -1)",sizing,breakeven win rate,win rate needed,edge (pp),stake,EV per $ staked,per-bet Sharpe
+100%/yr,52,+1:1,full Kelly,50.0%,58.1%,8.1,16%,16%,0.17
+100%/yr,52,+1:1,half Kelly,50.0%,59.4%,9.4,9%,19%,0.19
+100%/yr,52,+2:1,full Kelly,33.3%,41.2%,7.8,12%,23%,0.16
+100%/yr,52,+2:1,half Kelly,33.3%,42.3%,9.0,7%,27%,0.18
+100%/yr,52,+3:1,full Kelly,25.0%,32.3%,7.3,10%,29%,0.16
+100%/yr,52,+3:1,half Kelly,25.0%,33.3%,8.3,6%,33%,0.18
+100%/yr,52,+5:1,full Kelly,16.7%,23.0%,6.4,8%,38%,0.15
+100%/yr,52,+5:1,half Kelly,16.7%,23.9%,7.3,4%,44%,0.17
+100%/yr,52,+10:1,full Kelly,9.1%,14.1%,5.0,6%,55%,0.14
+100%/yr,52,+10:1,half Kelly,9.1%,14.8%,5.7,3%,63%,0.16
+100%/yr,26,+1:1,full Kelly,50.0%,61.5%,11.5,23%,23%,0.24
+100%/yr,26,+1:1,half Kelly,50.0%,63.3%,13.3,13%,27%,0.28
+100%/yr,26,+2:1,full Kelly,33.3%,44.5%,11.1,17%,33%,0.22
+100%/yr,26,+2:1,half Kelly,33.3%,46.1%,12.8,10%,38%,0.26
+100%/yr,26,+3:1,full Kelly,25.0%,35.4%,10.4,14%,42%,0.22
+100%/yr,26,+3:1,half Kelly,25.0%,36.9%,11.9,8%,48%,0.25
+100%/yr,26,+5:1,full Kelly,16.7%,25.8%,9.1,11%,55%,0.21
+100%/yr,26,+5:1,half Kelly,16.7%,27.1%,10.4,6%,63%,0.23
+100%/yr,26,+10:1,full Kelly,9.1%,16.4%,7.3,8%,80%,0.2
+100%/yr,26,+10:1,half Kelly,9.1%,17.4%,8.3,5%,91%,0.22
+100%/yr,12,+1:1,full Kelly,50.0%,66.8%,16.8,34%,34%,0.36
+100%/yr,12,+1:1,half Kelly,50.0%,69.5%,19.5,20%,39%,0.42
+100%/yr,12,+2:1,full Kelly,33.3%,49.8%,16.5,25%,50%,0.33
+100%/yr,12,+2:1,half Kelly,33.3%,52.3%,19.0,14%,57%,0.38
+100%/yr,12,+3:1,full Kelly,25.0%,40.5%,15.5,21%,62%,0.32
+100%/yr,12,+3:1,half Kelly,25.0%,42.7%,17.7,12%,71%,0.36
+100%/yr,12,+5:1,full Kelly,16.7%,30.4%,13.8,17%,83%,0.3
+100%/yr,12,+5:1,half Kelly,16.7%,32.3%,15.7,9%,94%,0.33
+100%/yr,12,+10:1,full Kelly,9.1%,20.3%,11.2,12%,123%,0.28
+100%/yr,12,+10:1,half Kelly,9.1%,21.7%,12.6,7%,138%,0.31
+100%/yr,4,+1:1,full Kelly,50.0%,78.5%,28.5,57%,57%,0.7
+100%/yr,4,+1:1,half Kelly,50.0%,83.4%,33.4,33%,67%,0.9
+100%/yr,4,+2:1,full Kelly,33.3%,62.2%,28.8,43%,87%,0.59
+100%/yr,4,+2:1,half Kelly,33.3%,66.6%,33.2,25%,100%,0.7
+100%/yr,4,+3:1,full Kelly,25.0%,52.6%,27.6,37%,110%,0.55
+100%/yr,4,+3:1,half Kelly,25.0%,56.5%,31.5,21%,126%,0.63
+100%/yr,4,+5:1,full Kelly,16.7%,41.6%,25.0,30%,150%,0.51
+100%/yr,4,+5:1,half Kelly,16.7%,44.9%,28.2,17%,169%,0.57
+100%/yr,4,+10:1,full Kelly,9.1%,29.9%,20.8,23%,229%,0.45
+100%/yr,4,+10:1,half Kelly,9.1%,32.3%,23.2,13%,255%,0.5
+100%/yr,1,+1:1,full Kelly,50.0%,impossible,n/a,n/a,n/a,n/a
+100%/yr,1,+1:1,half Kelly,50.0%,impossible,n/a,n/a,n/a,n/a
+100%/yr,1,+2:1,full Kelly,33.3%,89.6%,56.3,84%,169%,1.84
+100%/yr,1,+2:1,half Kelly,33.3%,impossible,n/a,n/a,n/a,n/a
+100%/yr,1,+3:1,full Kelly,25.0%,81.1%,56.1,75%,224%,1.43
+100%/yr,1,+3:1,half Kelly,25.0%,90.0%,65.0,43%,260%,2.17
+100%/yr,1,+5:1,full Kelly,16.7%,69.8%,53.1,64%,319%,1.16
+100%/yr,1,+5:1,half Kelly,16.7%,77.0%,60.4,36%,362%,1.44
+100%/yr,1,+10:1,full Kelly,9.1%,55.8%,46.7,51%,514%,0.94
+100%/yr,1,+10:1,half Kelly,9.1%,61.1%,52.0,29%,572%,1.07
+1000%/yr,52,+1:1,full Kelly,50.0%,65.1%,15.1,30%,30%,0.32
+1000%/yr,52,+1:1,half Kelly,50.0%,67.5%,17.5,17%,35%,0.37
+1000%/yr,52,+2:1,full Kelly,33.3%,48.0%,14.7,22%,44%,0.29
+1000%/yr,52,+2:1,half Kelly,33.3%,50.2%,16.9,13%,51%,0.34
+1000%/yr,52,+3:1,full Kelly,25.0%,38.8%,13.8,18%,55%,0.28
+1000%/yr,52,+3:1,half Kelly,25.0%,40.8%,15.8,11%,63%,0.32
+1000%/yr,52,+5:1,full Kelly,16.7%,28.9%,12.2,15%,73%,0.27
+1000%/yr,52,+5:1,half Kelly,16.7%,30.6%,13.9,8%,83%,0.3
+1000%/yr,52,+10:1,full Kelly,9.1%,18.9%,9.9,11%,108%,0.25
+1000%/yr,52,+10:1,half Kelly,9.1%,20.2%,11.1,6%,122%,0.28
+1000%/yr,26,+1:1,full Kelly,50.0%,71.1%,21.1,42%,42%,0.47
+1000%/yr,26,+1:1,half Kelly,50.0%,74.6%,24.6,25%,49%,0.56
+1000%/yr,26,+2:1,full Kelly,33.3%,54.3%,20.9,31%,63%,0.42
+1000%/yr,26,+2:1,half Kelly,33.3%,57.4%,24.1,18%,72%,0.49
+1000%/yr,26,+3:1,full Kelly,25.0%,44.8%,19.8,26%,79%,0.4
+1000%/yr,26,+3:1,half Kelly,25.0%,47.6%,22.6,15%,91%,0.45
+1000%/yr,26,+5:1,full Kelly,16.7%,34.4%,17.7,21%,106%,0.37
+1000%/yr,26,+5:1,half Kelly,16.7%,36.8%,20.1,12%,121%,0.42
+1000%/yr,26,+10:1,full Kelly,9.1%,23.6%,14.5,16%,160%,0.34
+1000%/yr,26,+10:1,half Kelly,9.1%,25.4%,16.3,9%,179%,0.37
+1000%/yr,12,+1:1,full Kelly,50.0%,80.5%,30.5,61%,61%,0.77
+1000%/yr,12,+1:1,half Kelly,50.0%,85.8%,35.8,36%,72%,1.03
+1000%/yr,12,+2:1,full Kelly,33.3%,64.3%,31.0,46%,93%,0.65
+1000%/yr,12,+2:1,half Kelly,33.3%,69.1%,35.7,27%,107%,0.77
+1000%/yr,12,+3:1,full Kelly,25.0%,54.7%,29.7,40%,119%,0.6
+1000%/yr,12,+3:1,half Kelly,25.0%,58.9%,33.9,23%,136%,0.69
+1000%/yr,12,+5:1,full Kelly,16.7%,43.7%,27.0,32%,162%,0.54
+1000%/yr,12,+5:1,half Kelly,16.7%,47.2%,30.5,18%,183%,0.61
+1000%/yr,12,+10:1,full Kelly,9.1%,31.6%,22.6,25%,248%,0.48
+1000%/yr,12,+10:1,half Kelly,9.1%,34.3%,25.2,14%,277%,0.53
+1000%/yr,4,+1:1,full Kelly,50.0%,98.1%,48.1,96%,96%,3.53
+1000%/yr,4,+1:1,half Kelly,50.0%,impossible,n/a,n/a,n/a,n/a
+1000%/yr,4,+2:1,full Kelly,33.3%,86.1%,52.8,79%,158%,1.53
+1000%/yr,4,+2:1,half Kelly,33.3%,95.4%,62.1,47%,186%,2.97
+1000%/yr,4,+3:1,full Kelly,25.0%,77.2%,52.2,70%,209%,1.25
+1000%/yr,4,+3:1,half Kelly,25.0%,85.3%,60.3,40%,241%,1.7
+1000%/yr,4,+5:1,full Kelly,16.7%,65.8%,49.2,59%,295%,1.04
+1000%/yr,4,+5:1,half Kelly,16.7%,72.4%,55.7,33%,334%,1.25
+1000%/yr,4,+10:1,full Kelly,9.1%,52.0%,42.9,47%,472%,0.86
+1000%/yr,4,+10:1,half Kelly,9.1%,56.8%,47.7,26%,525%,0.96
+1000%/yr,1,+1:1,full Kelly,50.0%,impossible,n/a,n/a,n/a,n/a
+1000%/yr,1,+1:1,half Kelly,50.0%,impossible,n/a,n/a,n/a,n/a
+1000%/yr,1,+2:1,full Kelly,33.3%,impossible,n/a,n/a,n/a,n/a
+1000%/yr,1,+2:1,half Kelly,33.3%,impossible,n/a,n/a,n/a,n/a
+1000%/yr,1,+3:1,full Kelly,25.0%,impossible,n/a,n/a,n/a,n/a
+1000%/yr,1,+3:1,half Kelly,25.0%,impossible,n/a,n/a,n/a,n/a
+1000%/yr,1,+5:1,full Kelly,16.7%,impossible,n/a,n/a,n/a,n/a
+1000%/yr,1,+5:1,half Kelly,16.7%,impossible,n/a,n/a,n/a,n/a
+1000%/yr,1,+10:1,full Kelly,9.1%,impossible,n/a,n/a,n/a,n/a
+1000%/yr,1,+10:1,half Kelly,9.1%,impossible,n/a,n/a,n/a,n/a
