calibration,system,P(year >= +100%),P(year >= +1000%),P(year <= -50%),P(CAGR>=100% over 1y),P(CAGR>=100% over 3y),P(CAGR>=100% over 5y),P(CAGR>=100% over 10y),median 10y multiple,median 10y CAGR,P(10y multiple < 1),P(reach 10x within 10y),P(drawdown >= 50% within 10y),P(drawdown >= 80% within 10y),P(drawdown >= 95% within 10y),P(ever <= 50% of start within 10y),P(ever <= 20% of start within 10y),P(ever <= 5% of start within 10y),median max drawdown 10y,P(CAGR>=100% over 10y with BTC <= 10x),P(BTC itself > 10x in 10y)
History,Nasdaq-100 1x (reference),0.7%,0.0%,0.8%,0.7%,0.0%,0.0%,0.0%,4.26x,15.6%,4.7%,15.9%,41.2%,2.4%,0.0%,9.4%,0.5%,0.0%,47.0%,n/a,n/a
History,"3x Nasdaq-100, buy and hold",23.7%,0.0%,13.3%,24.0%,9.6%,4.9%,0.8%,5.69x,18.9%,27.2%,59.8%,100%,79.0%,37.0%,58.0%,35.6%,17.2%,91.6%,n/a,n/a
History,3x Nasdaq-100 with 200-day filter,14.9%,0.0%,4.0%,14.6%,3.3%,1.2%,0.1%,6.25x,20.1%,11.8%,52.0%,97.1%,31.0%,1.8%,28.1%,6.0%,0.4%,72.5%,n/a,n/a
History,"Bitcoin, buy and hold (reference)",37.2%,1.4%,6.3%,37.5%,30.6%,26.5%,18.7%,109x,59.8%,2.3%,90.9%,100%,48.7%,2.7%,30.1%,5.5%,0.4%,79.6%,0.0%,83.4%
History,"Bitcoin trend (10-week), 100% weight",31.9%,0.5%,1.5%,32.0%,24.1%,19.3%,11.3%,79.0x,54.8%,0.9%,90.7%,86.5%,7.7%,0.0%,10.1%,0.5%,0.0%,64.2%,0.0%,83.2%
History,"2x Bitcoin, buy and hold",42.3%,10.2%,25.4%,42.5%,36.4%,33.1%,26.1%,47.1x,46.9%,21.5%,84.4%,100%,100%,86.8%,72.2%,52.6%,28.0%,98.9%,0.0%,84.0%
History,2x Bitcoin with trend switch,42.9%,8.3%,11.0%,43.1%,43.3%,41.8%,40.9%,427x,83.1%,4.2%,93.9%,100%,86.8%,23.8%,40.3%,13.0%,2.4%,91.1%,0.0%,83.5%
History,Top momentum decile (reference),0.5%,0.0%,0.2%,0.5%,0.0%,0.0%,0.0%,3.41x,13.0%,6.5%,8.7%,38.2%,0.7%,0.0%,7.3%,0.2%,0.0%,45.2%,n/a,n/a
History,"Concentrated momentum, 5 stocks",3.0%,0.0%,1.2%,3.1%,0.1%,0.0%,0.0%,2.61x,10.1%,17.4%,14.2%,74.3%,7.5%,0.1%,23.6%,2.6%,0.1%,58.9%,n/a,n/a
History,"Concentrated momentum, 5 stocks, 2x margin",15.7%,0.0%,13.5%,15.8%,4.0%,1.0%,0.0%,1.52x,4.3%,42.0%,31.8%,100%,77.9%,26.2%,67.5%,37.9%,12.3%,89.2%,n/a,n/a
History,"Rolling 3-month ATM calls, 100% of capital",1.9%,0.7%,10.5%,14.8%,0.9%,0.0%,0.0%,0.00x,-100.0%,100%,13.3%,100%,100%,100%,100%,100%,100%,100%,n/a,n/a
History,"Rolling calls, 20% of capital + 80% T-bills",11.2%,0.0%,3.1%,11.4%,1.9%,0.5%,0.0%,3.32x,12.8%,19.6%,30.8%,79.5%,15.1%,0.5%,30.6%,6.2%,0.3%,63.3%,n/a,n/a
Muted,Nasdaq-100 1x (reference),0.3%,0.0%,1.0%,0.2%,0.0%,0.0%,0.0%,2.27x,8.5%,16.7%,2.7%,50.8%,4.7%,0.1%,17.5%,1.7%,0.0%,50.2%,n/a,n/a
Muted,"3x Nasdaq-100, buy and hold",13.7%,0.0%,16.5%,13.3%,3.2%,0.8%,0.0%,0.81x,-2.2%,53.5%,28.5%,100%,85.3%,48.7%,75.7%,53.9%,30.1%,94.8%,n/a,n/a
Muted,3x Nasdaq-100 with 200-day filter,8.0%,0.0%,6.2%,7.8%,1.0%,0.2%,0.0%,1.43x,3.6%,40.7%,18.5%,99.5%,51.3%,6.9%,55.4%,20.5%,2.9%,80.4%,n/a,n/a
Muted,"Bitcoin, buy and hold (reference)",23.4%,0.6%,13.2%,23.1%,13.2%,7.7%,2.2%,5.76x,19.1%,23.0%,61.0%,100%,80.4%,19.8%,57.1%,25.4%,6.0%,88.5%,0.0%,41.1%
Muted,"Bitcoin trend (10-week), 100% weight",23.3%,0.2%,2.6%,23.4%,12.1%,7.0%,2.0%,15.2x,31.2%,6.2%,72.2%,97.8%,20.5%,0.4%,22.1%,3.1%,0.1%,72.0%,0.0%,41.1%
Muted,"2x Bitcoin, buy and hold",27.5%,5.8%,38.8%,27.7%,16.1%,10.2%,3.7%,0.13x,-18.8%,66.2%,55.0%,100%,100%,97.8%,91.3%,82.1%,66.3%,100%,0.0%,41.4%
Muted,2x Bitcoin with trend switch,32.5%,4.4%,18.7%,33.0%,24.8%,19.6%,12.0%,15.1x,31.1%,20.6%,78.3%,100%,96.8%,49.4%,61.1%,32.5%,11.0%,94.9%,0.1%,41.0%
Muted,Top momentum decile (reference),0.4%,0.0%,0.3%,0.4%,0.0%,0.0%,0.0%,2.62x,10.1%,10.9%,4.1%,43.8%,1.4%,0.0%,11.0%,0.4%,0.0%,47.3%,n/a,n/a
Muted,"Concentrated momentum, 5 stocks",2.4%,0.0%,1.5%,2.3%,0.0%,0.0%,0.0%,2.03x,7.3%,25.4%,8.8%,79.4%,11.2%,0.2%,29.8%,4.3%,0.1%,61.4%,n/a,n/a
Muted,"Concentrated momentum, 5 stocks, 2x margin",13.9%,0.0%,15.1%,13.6%,3.0%,0.8%,0.1%,0.91x,-0.9%,51.5%,25.2%,100%,81.5%,32.6%,73.5%,45.6%,18.0%,91.1%,n/a,n/a
Muted,"Rolling 3-month ATM calls, 100% of capital",0.8%,0.2%,10.5%,6.9%,0.1%,0.0%,0.0%,0.00x,-100.0%,100%,5.6%,100%,100%,100%,100%,100%,100%,100%,n/a,n/a
Muted,"Rolling calls, 20% of capital + 80% T-bills",4.8%,0.0%,5.6%,4.7%,0.2%,0.0%,0.0%,0.56x,-5.7%,66.4%,3.9%,96.0%,48.3%,6.3%,69.0%,32.1%,4.3%,79.3%,n/a,n/a
