period,event,n,mean_abs,other_days_mean_abs,ratio,p_abs_gt_1pct,p_abs_gt_2pct,mean_ret
1994-2007,FOMC,112,0.0077,0.0075,1.0224,0.2946,0.0625,0.0022
1994-2007,CPI,167,0.0079,0.0075,1.0554,0.2814,0.0659,0.0002
1994-2007,NFP,34,0.0059,0.0075,0.7803,0.1765,0.0294,-0.0003
2008-2019,FOMC,96,0.0086,0.0078,1.1084,0.3229,0.0938,0.0031
2008-2019,CPI,143,0.0081,0.0078,1.0437,0.2587,0.0839,0.0013
2008-2019,NFP,141,0.0087,0.0078,1.1212,0.3333,0.1135,0.0012
2020-2026,FOMC,54,0.0106,0.0082,1.2920,0.4259,0.1481,-0.0000
2020-2026,CPI,79,0.0093,0.0082,1.1417,0.2911,0.1139,-0.0000
2020-2026,NFP,77,0.0094,0.0082,1.1556,0.3636,0.0649,-0.0007
2022-2026,FOMC,38,0.0100,0.0074,1.3517,0.4474,0.1316,-0.0000
2022-2026,CPI,56,0.0097,0.0074,1.3137,0.3036,0.1071,0.0014
2022-2026,NFP,54,0.0101,0.0074,1.3637,0.4259,0.0741,-0.0019
