event,N,k,signal,n,mean,median,win,t
CPI,8,0.9000,False,34,0.0312,-0.0341,0.5000,0.2292
CPI,8,0.9000,True,17,-0.2016,-0.5457,0.3529,-1.0949
CPI,8,1.0000,False,40,-0.0553,-0.1327,0.4250,-0.4812
CPI,8,1.0000,True,11,-0.4652,-0.6165,0.1818,-2.9461
CPI,8,1.1000,False,40,-0.1430,-0.2134,0.3500,-1.3680
CPI,8,1.1000,True,11,-0.5156,-0.6532,0.1818,-3.5921
CPI,12,0.9000,False,36,0.1301,0.0391,0.5833,0.9573
CPI,12,0.9000,True,15,-0.4700,-0.5914,0.1333,-3.6072
CPI,12,1.0000,False,40,-0.0526,-0.0939,0.4250,-0.4577
CPI,12,1.0000,True,11,-0.4751,-0.6165,0.1818,-3.0496
CPI,12,1.1000,False,42,-0.1782,-0.2134,0.3333,-1.7312
CPI,12,1.1000,True,9,-0.4344,-0.6319,0.2222,-2.7530
FOMC,8,0.9000,False,16,-0.1110,-0.1258,0.5000,-0.5772
FOMC,8,0.9000,True,19,0.1890,0.0142,0.5263,0.7152
FOMC,8,1.0000,False,19,-0.2463,-0.3370,0.3158,-1.6153
FOMC,8,1.0000,True,16,0.1713,-0.0593,0.4375,0.6309
FOMC,8,1.1000,False,23,-0.3119,-0.3991,0.3043,-2.5786
FOMC,8,1.1000,True,12,0.1805,-0.0377,0.5000,0.5722
FOMC,12,0.9000,False,19,-0.1273,-0.2611,0.4737,-0.7359
FOMC,12,0.9000,True,16,0.2645,0.0474,0.5625,0.8743
FOMC,12,1.0000,False,19,-0.2166,-0.3370,0.3158,-1.3911
FOMC,12,1.0000,True,16,0.1361,-0.0593,0.4375,0.4997
FOMC,12,1.1000,False,22,-0.2867,-0.2884,0.3182,-2.3093
FOMC,12,1.1000,True,13,0.1001,-0.1194,0.4615,0.3329
NFP,8,0.9000,False,21,0.2925,0.2694,0.6667,1.5855
NFP,8,0.9000,True,28,0.0612,-0.0440,0.5000,0.3040
NFP,8,1.0000,False,24,0.1427,0.0943,0.6250,0.9802
NFP,8,1.0000,True,25,-0.0541,-0.3290,0.3200,-0.2665
NFP,8,1.1000,False,25,0.0101,-0.0489,0.4800,0.0780
NFP,8,1.1000,True,24,-0.1214,-0.2846,0.2917,-0.6344
NFP,12,0.9000,False,20,0.2704,0.2119,0.6500,1.3991
NFP,12,0.9000,True,29,0.0844,0.0098,0.5172,0.4323
NFP,12,1.0000,False,22,0.1035,0.0426,0.5909,0.6419
NFP,12,1.0000,True,27,-0.0076,-0.0932,0.3704,-0.0404
NFP,12,1.1000,False,25,0.0117,-0.0592,0.4400,0.0890
NFP,12,1.1000,True,24,-0.1230,-0.3016,0.3333,-0.6462
