ticker,delta,n,median_mid,median_spread,median_spread_pct,median_oi
IWM,"(0.03, 0.08]",51,0.4400,0.0300,0.0571,196.0000
IWM,"(0.08, 0.15]",67,1.0500,0.0400,0.0381,124.0000
IWM,"(0.15, 0.25]",57,1.9700,0.0500,0.0283,144.0000
IWM,"(0.25, 0.35]",45,3.2750,0.0600,0.0193,307.0000
QQQ,"(0.03, 0.08]",97,1.3300,0.0400,0.0261,230.0000
QQQ,"(0.08, 0.15]",77,2.9300,0.0500,0.0188,228.0000
QQQ,"(0.15, 0.25]",131,5.6200,0.1100,0.0193,142.0000
QQQ,"(0.25, 0.35]",106,8.9425,0.1300,0.0142,119.5000
SPY,"(0.03, 0.08]",109,0.9400,0.0200,0.0169,681.0000
SPY,"(0.08, 0.15]",100,2.2400,0.0300,0.0129,459.0000
SPY,"(0.15, 0.25]",107,4.1850,0.0400,0.0098,480.0000
SPY,"(0.25, 0.35]",81,6.4950,0.0500,0.0077,263.0000
^SPX,"(0.03, 0.08]",349,11.3000,0.7000,0.0581,82.0000
^SPX,"(0.08, 0.15]",262,22.5750,0.9000,0.0404,131.5000
^SPX,"(0.15, 0.25]",247,39.9500,1.2000,0.0279,140.0000
^SPX,"(0.25, 0.35]",202,64.1000,1.3000,0.0208,88.0000
^XSP,"(0.03, 0.08]",179,1.1600,0.3500,0.3008,23.0000
^XSP,"(0.08, 0.15]",136,2.2725,0.5000,0.2155,50.0000
^XSP,"(0.15, 0.25]",126,4.0525,0.6450,0.1557,64.0000
^XSP,"(0.25, 0.35]",100,6.5775,0.7850,0.1156,32.0000
