break_loss,notional,rate_yr,cap,days,mu_deal,dg_bp_kappa,passes_6bp
0.2,0.1,0.01,60,55,0.00150685,0.658425,False
0.2,0.1,0.01,90,85,0.00232877,1.06938,False
0.2,0.1,0.01,120,115,0.00315068,1.48034,False
0.2,0.1,0.02,60,55,0.0030137,1.41185,False
0.2,0.1,0.02,90,85,0.00465753,2.23377,False
0.2,0.1,0.02,120,115,0.00630137,3.05568,False
0.2,0.1,0.03,60,55,0.00452055,2.16527,False
0.2,0.1,0.03,90,85,0.0069863,3.39815,False
0.2,0.1,0.03,120,115,0.00945205,4.63103,False
0.2,0.1,0.04,60,55,0.0060274,2.9187,False
0.2,0.1,0.04,90,85,0.00931507,4.56253,False
0.2,0.1,0.04,120,115,0.0126027,6.20637,True
0.3,0.0666667,0.01,60,55,0.00150685,0.407283,False
0.3,0.0666667,0.01,90,85,0.00232877,0.681256,False
0.3,0.0666667,0.01,120,115,0.00315068,0.955228,False
0.3,0.0666667,0.02,60,55,0.0030137,0.909566,False
0.3,0.0666667,0.02,90,85,0.00465753,1.45751,False
0.3,0.0666667,0.02,120,115,0.00630137,2.00546,False
0.3,0.0666667,0.03,60,55,0.00452055,1.41185,False
0.3,0.0666667,0.03,90,85,0.0069863,2.23377,False
0.3,0.0666667,0.03,120,115,0.00945205,3.05568,False
0.3,0.0666667,0.04,60,55,0.0060274,1.91413,False
0.3,0.0666667,0.04,90,85,0.00931507,3.01002,False
0.3,0.0666667,0.04,120,115,0.0126027,4.10591,False
0.45,0.0444444,0.01,60,55,0.00150685,0.239855,False
0.45,0.0444444,0.01,90,85,0.00232877,0.422504,False
0.45,0.0444444,0.01,120,115,0.00315068,0.605152,False
0.45,0.0444444,0.02,60,55,0.0030137,0.574711,False
0.45,0.0444444,0.02,90,85,0.00465753,0.940008,False
0.45,0.0444444,0.02,120,115,0.00630137,1.3053,False
0.45,0.0444444,0.03,60,55,0.00452055,0.909566,False
0.45,0.0444444,0.03,90,85,0.0069863,1.45751,False
0.45,0.0444444,0.03,120,115,0.00945205,2.00546,False
0.45,0.0444444,0.04,60,55,0.0060274,1.24442,False
0.45,0.0444444,0.04,90,85,0.00931507,1.97502,False
0.45,0.0444444,0.04,120,115,0.0126027,2.70561,False
