family,variant,sample,n,stat,stat_kind,mean_R,contrib
f2_option_premium,PCS20d5% DTE45 cap60 M7,2008-2026 model,148,2.43434,t,0.0287709,0.00454624
f2_option_premium,PCS20d5% DTE45 cap60 F0,2008-2026 model,187,1.48854,t,0.0194434,0.00388196
f2_option_premium,PCS20d5% DTE45 hold M7,2008-2026 model,86,2.96565,t,0.0548642,0.00503761
f2_option_premium,PCS20d5% DTE45 hold F0,2008-2026 model,112,1.14048,t,0.0254709,0.00304579
f2_option_premium,PCS20d5% DTE45 tp21 M7,2008-2026 model,162,2.61895,t,0.0200025,0.00345969
f2_option_premium,PCS20d5% DTE45 tp21 F0,2008-2026 model,223,1.67336,t,0.0126961,0.00302281
f2_option_premium,PCS20d5% DTE60 cap60 M7,2008-2026 model,138,2.77268,t,0.0318914,0.00469883
f2_option_premium,PCS20d5% DTE60 cap60 F0,2008-2026 model,175,1.23528,t,0.0178894,0.00334251
f2_option_premium,PCS20d5% DTE60 hold M7,2008-2026 model,69,5.24792,t,0.0746808,0.00550168
f2_option_premium,PCS20d5% DTE60 hold F0,2008-2026 model,88,1.75734,t,0.0439005,0.00412467
f2_option_premium,PCS20d5% DTE60 tp21 M7,2008-2026 model,138,1.53118,t,0.0174535,0.00257158
f2_option_premium,PCS20d5% DTE60 tp21 F0,2008-2026 model,176,1.60427,t,0.0170453,0.00320297
f2_option_premium,PCS20d5% DTE90 cap60 M7,2008-2026 model,108,1.52065,t,0.0215122,0.00248054
f2_option_premium,PCS20d5% DTE90 cap60 F0,2008-2026 model,139,1.05543,t,0.0158961,0.00235908
f2_option_premium,PCS20d5% DTE90 cap90 M7,2008-2026 model,106,2.60067,t,0.0383352,0.00433851
f2_option_premium,PCS20d5% DTE90 cap90 F0,2008-2026 model,129,1.77582,t,0.0288611,0.00397502
f2_option_premium,PCS20d5% DTE90 hold M7,2008-2026 model,57,3.78056,t,0.0809003,0.00492337
f2_option_premium,PCS20d5% DTE90 hold F0,2008-2026 model,73,1.71458,t,0.0529303,0.00412538
f2_option_premium,PCS20d5% DTE90 tp21 M7,2008-2026 model,106,1.39576,t,0.0217216,0.00245829
f2_option_premium,PCS20d5% DTE90 tp21 F0,2008-2026 model,130,0.959653,t,0.0154063,0.00213835
f2_option_premium,PCS20d5% DTE120 cap120 M7,2008-2026 model,88,6.35799,t,0.0561064,0.00527147
f2_option_premium,PCS20d5% DTE120 cap120 F0,2008-2026 model,105,5.04947,t,0.0539122,0.00604385
f2_option_premium,PCS20d5% DTE120 cap60 M7,2008-2026 model,95,1.79689,t,0.0245043,0.00248544
f2_option_premium,PCS20d5% DTE120 cap60 F0,2008-2026 model,123,1.78108,t,0.0224365,0.00294644
f2_option_premium,PCS20d5% DTE120 cap90 M7,2008-2026 model,90,3.05731,t,0.0408098,0.00392142
f2_option_premium,PCS20d5% DTE120 cap90 F0,2008-2026 model,114,2.52026,t,0.0369656,0.00449925
f2_option_premium,PCS20d5% DTE120 hold M7,2008-2026 model,39,1.40548,t,0.0584556,0.00243404
f2_option_premium,PCS20d5% DTE120 hold F0,2008-2026 model,49,2.39407,t,0.0748993,0.00391842
f2_option_premium,PCS20d5% DTE120 tp21 M7,2008-2026 model,88,2.73037,t,0.0389982,0.00366407
f2_option_premium,PCS20d5% DTE120 tp21 F0,2008-2026 model,107,2.30095,t,0.0359266,0.00410428
