signal,entry,exit,gauge_at_signal,net,net_open_exit
1996-03-08,1996-03-11,1996-06-07,20.7,0.0737,0.05088
1997-10-27,1997-10-28,1998-01-26,31.12,0.14036,0.14631
1998-08-04,1998-08-05,1998-11-03,31.06,0.03217,0.03711
2000-01-04,2000-01-05,2000-04-04,27.01,0.07531,0.08695
2000-04-14,2000-04-17,2000-07-14,33.49,0.121,0.11498
2003-03-24,2003-03-25,2003-06-23,30.39,0.1383,0.15021
2007-02-27,2007-02-28,2007-05-29,18.31,0.08849,0.08635
2009-06-22,2009-06-23,2009-09-21,31.17,0.19497,0.18869
2010-02-04,2010-02-05,2010-05-06,26.08,0.06402,0.0953
2010-05-06,2010-05-07,2010-08-05,32.8,0.00623,0.00088
2011-11-09,2011-11-10,2012-02-08,36.16,0.08978,0.08711
2016-06-24,2016-06-27,2016-09-23,25.76,0.07663,0.08027
2018-02-05,2018-02-06,2018-05-07,37.32,0.03055,0.03044
2018-10-10,2018-10-11,2019-01-09,22.96,-0.06372,-0.06521
2020-02-24,2020-02-25,2020-05-22,25.03,-0.0828,-0.0855
2020-06-11,2020-06-12,2020-09-10,40.79,0.08755,0.11338
2020-10-28,2020-10-29,2021-01-27,40.28,0.14972,0.16756
