L,exit,period,cagr,maxdd
2,T-bills,1962-2026,0.1300,-0.6229
2,T-bills,2022,-0.1795,-0.1982
2,10y Treasury (IEF-like),1962-2026,0.1439,-0.5887
2,10y Treasury (IEF-like),2022,-0.2958,-0.3276
2,"gold (monthly pre-2004, GLD after)",1975-2026,0.1482,-0.6441
2,"gold (monthly pre-2004, GLD after)",2022,-0.2263,-0.3169
2,T-bills,1975-2026,0.1478,-0.6229
2,T-bills,2002-2026,0.1571,-0.3447
2,TLT (real),2002-2026,0.1688,-0.4576
2,TLT (real),2022,-0.4075,-0.4576
2,10y Treasury (IEF-like),2002-2026,0.1698,-0.3415
2,"gold (monthly pre-2004, GLD after)",2002-2026,0.1785,-0.3984
3,T-bills,1962-2026,0.1532,-0.8120
3,T-bills,2022,-0.2672,-0.2875
3,10y Treasury (IEF-like),1962-2026,0.1675,-0.7909
3,10y Treasury (IEF-like),2022,-0.3711,-0.4025
3,"gold (monthly pre-2004, GLD after)",1975-2026,0.1775,-0.8226
3,"gold (monthly pre-2004, GLD after)",2022,-0.3090,-0.3929
3,T-bills,1975-2026,0.1770,-0.8120
3,T-bills,2002-2026,0.2110,-0.4845
3,TLT (real),2002-2026,0.2231,-0.5180
3,TLT (real),2022,-0.4708,-0.5180
3,10y Treasury (IEF-like),2002-2026,0.2242,-0.4637
3,"gold (monthly pre-2004, GLD after)",2002-2026,0.2334,-0.5181
