index,rule,trials,N,sharpe_is,sharpe_needed,dsr_prob,ir_vs_spy_is,ir_needed,dsr_prob_vs_spy,psr_vs_spy_single,boot_p_single_vs_spy,rc_p_best_of_all,is_best_by_excess,n_eff
SPX,T|L3|sma200|W|b2,raw N (all cells),1308.0000,0.4748,0.1960,0.9829,0.1637,0.2793,0.1896,0.8934,0.1390,0.4030,T|L3|sma50|W|b3|vix40,2.6830
SPX,T|L3|sma200|W|b2,N compliant,924.0000,0.4748,0.1902,0.9847,0.1637,0.2711,0.2070,0.8934,0.1390,0.4030,T|L3|sma50|W|b3|vix40,2.6830
SPX,T|L3|sma200|W|b2,effective N,2.7000,0.4748,0.0452,0.9994,0.1637,0.0644,0.7748,0.8934,0.1390,0.4030,T|L3|sma50|W|b3|vix40,2.6830
SPX,T|L2|sma200|W|b2,raw N (all cells),1308.0000,0.4718,0.1960,0.9819,0.1701,0.2793,0.1995,0.9056,0.1150,0.4030,T|L3|sma50|W|b3|vix40,2.6830
SPX,T|L2|sma200|W|b2,N compliant,924.0000,0.4718,0.1902,0.9838,0.1701,0.2711,0.2178,0.9056,0.1150,0.4030,T|L3|sma50|W|b3|vix40,2.6830
SPX,T|L2|sma200|W|b2,effective N,2.7000,0.4718,0.0452,0.9994,0.1701,0.0644,0.7929,0.9056,0.1150,0.4030,T|L3|sma50|W|b3|vix40,2.6830
SPX,T|L3|sma50|W|b3|vix40,raw N (all cells),1308.0000,0.5465,0.1960,0.9968,0.2625,0.2793,0.4483,0.9792,0.0370,0.4030,T|L3|sma50|W|b3|vix40,2.6830
SPX,T|L3|sma50|W|b3|vix40,N compliant,924.0000,0.5465,0.1902,0.9972,0.2625,0.2711,0.4736,0.9792,0.0370,0.4030,T|L3|sma50|W|b3|vix40,2.6830
SPX,T|L3|sma50|W|b3|vix40,effective N,2.7000,0.5465,0.0452,1.0000,0.2625,0.0644,0.9378,0.9792,0.0370,0.4030,T|L3|sma50|W|b3|vix40,2.6830
NDX,T|L3|sma200|W|b2,raw N (all cells),1308.0000,0.5259,0.2161,0.9113,0.1103,0.3072,0.1944,0.6853,0.2660,0.5560,T|L3|either|W|b3|vix30,1.8815
NDX,T|L3|sma200|W|b2,N compliant,924.0000,0.5259,0.2098,0.9156,0.1103,0.2981,0.2055,0.6853,0.2660,0.5560,T|L3|either|W|b3|vix30,1.8815
NDX,T|L3|sma200|W|b2,effective N,1.9000,0.5259,0.0300,0.9846,0.1103,0.0426,0.6165,0.6853,0.2660,0.5560,T|L3|either|W|b3|vix30,1.8815
NDX,T|L2|sma200|W|b2,raw N (all cells),1308.0000,0.5236,0.2161,0.9097,0.1832,0.3072,0.2936,0.7887,0.1760,0.5560,T|L3|either|W|b3|vix30,1.8815
NDX,T|L2|sma200|W|b2,N compliant,924.0000,0.5236,0.2098,0.9141,0.1832,0.2981,0.3074,0.7887,0.1760,0.5560,T|L3|either|W|b3|vix30,1.8815
NDX,T|L2|sma200|W|b2,effective N,1.9000,0.5236,0.0300,0.9842,0.1832,0.0426,0.7309,0.7887,0.1760,0.5560,T|L3|either|W|b3|vix30,1.8815
NDX,T|L3|either|W|b3|vix30,raw N (all cells),1308.0000,0.6124,0.2161,0.9580,0.2036,0.3072,0.3253,0.8132,0.1370,0.5560,T|L3|either|W|b3|vix30,1.8815
NDX,T|L3|either|W|b3|vix30,N compliant,924.0000,0.6124,0.2098,0.9604,0.2036,0.2981,0.3397,0.8132,0.1370,0.5560,T|L3|either|W|b3|vix30,1.8815
NDX,T|L3|either|W|b3|vix30,effective N,1.9000,0.6124,0.0300,0.9945,0.2036,0.0426,0.7591,0.8132,0.1370,0.5560,T|L3|either|W|b3|vix30,1.8815
