side,leverage,horizon_days,p_liquidated,mean_equity_multiple,median_equity_multiple,p_equity_below_half
long,2,1,0.0000,1.0036,1.0021,0.0002
long,2,7,0.0005,1.0256,1.0131,0.0073
long,2,30,0.0096,1.1168,1.0540,0.0463
long,2,90,0.0683,1.3926,1.1516,0.1378
long,2,365,0.2516,3.6072,2.3122,0.2955
long,3,1,0.0002,1.0054,1.0031,0.0011
long,3,7,0.0084,1.0369,1.0197,0.0274
long,3,30,0.0594,1.1695,1.0801,0.1265
long,3,90,0.1762,1.5858,1.2158,0.2506
long,3,365,0.3655,4.8234,2.7018,0.3794
long,5,1,0.0020,1.0085,1.0052,0.0107
long,5,7,0.0509,1.0542,1.0321,0.0967
long,5,30,0.2137,1.2503,1.1050,0.2685
long,5,90,0.4010,1.8580,1.0422,0.4231
long,5,365,0.5389,6.6461,0.0000,0.5391
long,10,1,0.0264,1.0156,1.0103,0.0576
long,10,7,0.1904,1.1131,1.0413,0.2422
long,10,30,0.4344,1.4964,0.8352,0.4519
long,10,90,0.6246,2.4808,0.0000,0.6255
long,10,365,0.6973,9.7172,0.0000,0.6973
long,20,1,0.1225,1.0293,1.0148,0.1672
long,20,7,0.4344,1.2069,0.7792,0.4547
long,20,30,0.6506,1.8466,0.0000,0.6534
long,20,90,0.7520,3.4758,0.0000,0.7522
long,20,365,0.7830,15.1597,0.0000,0.7830
long,50,1,0.4334,1.0445,0.8124,0.4418
long,50,7,0.7330,1.3872,0.0000,0.7334
long,50,30,0.8402,2.2395,0.0000,0.8402
long,50,90,0.8819,4.3665,0.0000,0.8819
long,50,365,0.8960,17.6337,0.0000,0.8960
long,100,1,0.7317,0.9041,0.0000,0.7317
long,100,7,0.8773,1.3280,0.0000,0.8773
long,100,30,0.9241,2.1507,0.0000,0.9241
long,100,90,0.9430,4.3046,0.0000,0.9430
long,100,365,0.9476,19.5662,0.0000,0.9476
short,2,1,0.0000,0.9964,0.9979,0.0002
short,2,7,0.0027,0.9736,0.9869,0.0178
short,2,30,0.0754,0.8872,0.9458,0.1749
short,2,90,0.2901,0.7708,0.8344,0.3726
short,2,365,0.7219,0.4329,0.0000,0.7350
short,3,1,0.0000,0.9946,0.9969,0.0016
short,3,7,0.0128,0.9602,0.9802,0.0602
short,3,30,0.1619,0.8612,0.9155,0.2595
short,3,90,0.4231,0.7493,0.6320,0.4800
short,3,365,0.7862,0.4294,0.0000,0.7902
short,5,1,0.0016,0.9908,0.9948,0.0134
short,5,7,0.0716,0.9366,0.9650,0.1455
short,5,30,0.3244,0.8439,0.8149,0.3884
short,5,90,0.5793,0.7452,0.0000,0.6000
short,5,365,0.8627,0.4080,0.0000,0.8654
short,10,1,0.0260,0.9811,0.9891,0.0642
short,10,7,0.2422,0.9189,0.9050,0.3090
short,10,30,0.5796,0.8338,0.0000,0.6022
short,10,90,0.7608,0.7127,0.0000,0.7657
short,10,365,0.9330,0.3610,0.0000,0.9330
short,20,1,0.1284,0.9750,0.9740,0.1865
short,20,7,0.5033,0.9159,0.0000,0.5298
short,20,30,0.7776,0.8548,0.0000,0.7818
short,20,90,0.8745,0.6883,0.0000,0.8754
short,20,365,0.9677,0.3303,0.0000,0.9677
short,50,1,0.4550,0.9401,0.6788,0.4687
short,50,7,0.7856,0.9278,0.0000,0.7870
short,50,30,0.9021,0.9162,0.0000,0.9021
short,50,90,0.9442,0.7641,0.0000,0.9442
short,50,365,0.9866,0.3102,0.0000,0.9866
short,100,1,0.7420,0.7970,0.0000,0.7420
short,100,7,0.9047,0.8502,0.0000,0.9047
short,100,30,0.9539,0.8903,0.0000,0.9539
short,100,90,0.9726,0.7206,0.0000,0.9726
short,100,365,0.9940,0.2778,0.0000,0.9940
