series,start,end,cagr,vol,maxdd,worst_day,final_multiple,period,switches_per_year
1x TR (no fee),1928-01-03,2026-09-25,0.1024,0.1890,-0.8363,-0.2045,15196.5046,1928-2026,
2x daily-reset,1928-01-03,2026-09-25,0.1193,0.3781,-0.9845,-0.4094,67917.2374,1928-2026,
3x daily-reset,1928-01-03,2026-09-25,0.1047,0.5671,-0.9991,-0.6142,18602.3809,1928-2026,
1x TR (no fee),1928-01-03,1949-12-30,0.0529,0.2724,-0.8363,-0.1293,3.1075,1928-1949,
2x daily-reset,1928-01-03,1949-12-30,0.0082,0.5448,-0.9845,-0.2588,1.1965,1928-1949,
3x daily-reset,1928-01-03,1949-12-30,-0.0966,0.8172,-0.9991,-0.3882,0.1072,1928-1949,
1x TR (no fee),1950-01-03,1979-12-31,0.1074,0.1185,-0.4496,-0.0666,21.3380,1950-1979,
2x daily-reset,1950-01-03,1979-12-31,0.1461,0.2370,-0.7541,-0.1334,59.7307,1950-1979,
3x daily-reset,1950-01-03,1979-12-31,0.1801,0.3555,-0.8945,-0.2002,143.3581,1950-1979,
1x TR (no fee),1980-01-02,1999-12-31,0.1785,0.1569,-0.3295,-0.2045,26.6788,1980-1999,
2x daily-reset,1980-01-02,1999-12-31,0.2470,0.3139,-0.6048,-0.4094,82.5154,1980-1999,
3x daily-reset,1980-01-02,1999-12-31,0.2929,0.4708,-0.8030,-0.6142,170.0227,1980-1999,
1x TR (no fee),2000-01-03,2012-12-31,0.0166,0.2143,-0.5525,-0.0903,1.2390,2000-2012,
2x daily-reset,2000-01-03,2012-12-31,-0.0459,0.4286,-0.8793,-0.1806,0.5432,2000-2012,
3x daily-reset,2000-01-03,2012-12-31,-0.1378,0.6429,-0.9805,-0.2709,0.1457,2000-2012,
1x TR (no fee),2013-01-02,2026-09-25,0.1515,0.1686,-0.3379,-0.1198,6.9336,2013-2026,
2x daily-reset,2013-01-02,2026-09-25,0.2492,0.3373,-0.5913,-0.2397,21.2027,2013-2026,
3x daily-reset,2013-01-02,2026-09-25,0.3276,0.5059,-0.7666,-0.3595,48.8896,2013-2026,
1x + 200DMA rule,1928-01-03,2015-12-31,0.0999,0.1217,-0.4801,-0.1000,4336.4888,1928-2015 (GB sample),5.9892
1x buy&hold,1928-01-03,2015-12-31,0.0966,0.1903,-0.8363,-0.2045,3344.4094,1928-2015 (GB sample),
1x + 200DMA rule,2016-01-04,2026-09-25,0.1078,0.1170,-0.1937,-0.0588,2.9985,2016-2026 (post-publication OOS),5.7813
1x buy&hold,2016-01-04,2026-09-25,0.1516,0.1784,-0.3379,-0.1198,4.5439,2016-2026 (post-publication OOS),
1x + 200DMA rule,1928-01-03,2026-09-25,0.1007,0.1212,-0.4801,-0.1000,13003.0355,1928-2026,5.9660
1x buy&hold,1928-01-03,2026-09-25,0.1024,0.1890,-0.8363,-0.2045,15196.5046,1928-2026,
2x + 200DMA rule,1928-01-03,2015-12-31,0.1449,0.2434,-0.7740,-0.1995,147879.6337,1928-2015 (GB sample),5.9892
2x buy&hold,1928-01-03,2015-12-31,0.1055,0.3806,-0.9845,-0.4094,6817.4865,1928-2015 (GB sample),
2x + 200DMA rule,2016-01-04,2026-09-25,0.1740,0.2340,-0.3573,-0.1177,5.5875,2016-2026 (post-publication OOS),5.7813
2x buy&hold,2016-01-04,2026-09-25,0.2391,0.3568,-0.5913,-0.2397,9.9622,2016-2026 (post-publication OOS),
2x + 200DMA rule,1928-01-03,2026-09-25,0.1480,0.2423,-0.7740,-0.1995,826284.3657,1928-2026,5.9660
2x buy&hold,1928-01-03,2026-09-25,0.1193,0.3781,-0.9845,-0.4094,67917.2374,1928-2026,
3x + 200DMA rule,1928-01-03,2015-12-31,0.1807,0.3650,-0.9176,-0.2990,2234624.3442,1928-2015 (GB sample),5.9892
3x buy&hold,1928-01-03,2015-12-31,0.0829,0.5709,-0.9991,-0.6142,1104.1411,1928-2015 (GB sample),
3x + 200DMA rule,2016-01-04,2026-09-25,0.2358,0.3509,-0.4947,-0.1766,9.6862,2016-2026 (post-publication OOS),5.7813
3x buy&hold,2016-01-04,2026-09-25,0.3013,0.5352,-0.7666,-0.3595,16.8478,2016-2026 (post-publication OOS),
3x + 200DMA rule,1928-01-03,2026-09-25,0.1866,0.3635,-0.9176,-0.2990,21645020.4988,1928-2026,5.9660
3x buy&hold,1928-01-03,2026-09-25,0.1047,0.5671,-0.9991,-0.6142,18602.3809,1928-2026,
