kind,from,to,p0,p1,years,log_g,complete,cagr
halving epoch,2012-11-28,2016-07-09,12.3316598270018,657.61,3.6112251882272415,1.1011338031024775,True,2.007574088376662
halving epoch,2016-07-09,2020-05-11,657.61,8572.4,3.838466803559206,0.6689366093359561,True,0.9521603074477896
halving epoch,2020-05-11,2024-04-20,8572.4,64968.87,3.9425051334702257,0.513724249798834,True,0.6715047185188069
halving epoch,2024-04-20,2026-09-28,64968.87,83456.74,2.439425051334702,0.10265541117454402,False,0.10810950112771038
peak to peak,2013-12-04,2017-12-16,1134.93223088837,19650.01,4.032854209445585,0.7070686810001632,True,1.0280377115606745
peak to peak,2017-12-16,2021-11-08,19650.01,67554.84,3.89596167008898,0.3169594492492508,True,0.37294689676922893
peak to peak,2021-11-08,2025-10-06,67554.84,124720.09,3.909650924024641,0.15682531402725036,True,0.16979124992926575
trough to trough,2015-01-14,2018-12-15,175.637640561075,3183.0,3.917864476386037,0.7394733617053507,True,1.09483200518995
trough to trough,2018-12-15,2022-11-21,3183.0,15760.14,3.9342915811088295,0.40659411900736875,True,0.5016944727078938
trough to trough,2022-11-21,2026-06-30,15760.14,58523.93,3.6057494866529773,0.3638499478796331,False,0.43885829422087386
