period,rule,w,base,cagr,excess_vs_spy,vol,sharpe,maxdd,worst_year,worst_year_which,trades_per_year,time_in,spy_cagr
2014-2026,BTC_BH,0.03,SPY,0.154,0.016,0.1651,0.8347,-0.3168,-0.1944,2022,4.4015,1.0,0.138
2014-2026,BTC_BH,0.03,RF,0.037,-0.1011,0.0205,0.8453,-0.0345,-0.0252,2014,4.4015,1.0,0.138
2014-2026,BTC_BH,0.03,LEVSPY,0.1611,0.023,0.241,0.6624,-0.331,-0.2676,2015,4.5587,1.0,0.138
2014-2026,BTC_BH,0.1,SPY,0.1904,0.0524,0.1761,0.9705,-0.313,-0.2365,2022,4.1658,1.0,0.138
2014-2026,BTC_BH,0.1,RF,0.0801,-0.0579,0.0676,0.8882,-0.1064,-0.0786,2022,4.5587,1.0,0.138
2014-2026,BTC_BH,0.1,LEVSPY,0.199,0.061,0.2424,0.7928,-0.3318,-0.2866,2022,4.4801,1.0,0.138
2014-2026,BTC_BH,0.2,SPY,0.2365,0.0985,0.2111,1.0225,-0.3439,-0.2946,2022,3.3798,1.0,0.138
2014-2026,BTC_BH,0.2,RF,0.1375,-0.0005,0.1352,0.8778,-0.2202,-0.1712,2018,3.6942,1.0,0.138
2014-2026,BTC_BH,0.2,LEVSPY,0.2436,0.1055,0.2595,0.8977,-0.3737,-0.3381,2022,3.144,1.0,0.138
2014-2026,BTC_BH,0.3,SPY,0.2805,0.1424,0.2583,1.0138,-0.407,-0.3496,2022,2.5152,1.0,0.138
2014-2026,BTC_BH,0.3,RF,0.1893,0.0513,0.2065,0.8489,-0.3452,-0.2845,2018,2.6724,1.0,0.138
2014-2026,BTC_BH,0.3,LEVSPY,0.2903,0.1522,0.2925,0.9536,-0.4204,-0.3852,2022,2.751,1.0,0.138
2014-2026,BTC_BH,0.5,SPY,0.3514,0.2134,0.3737,0.9424,-0.5599,-0.4887,2018,1.4934,1.0,0.138
2014-2026,BTC_BH,0.5,RF,0.2861,0.148,0.3491,0.8383,-0.5079,-0.4298,2018,1.4148,1.0,0.138
2014-2026,BTC_BH,0.5,LEVSPY,0.3599,0.2219,0.3857,0.9404,-0.5947,-0.5252,2018,1.4934,1.0,0.138
2014-2026,BTC_BH,1.0,RF,0.423,0.285,0.6744,0.8276,-0.8206,-0.7593,2018,0.0,1.0,0.138
2014-2026,BTC_10W,0.03,SPY,0.1518,0.0137,0.1612,0.8388,-0.3111,-0.1835,2022,10.0607,0.5422,0.138
2014-2026,BTC_10W,0.03,RF,0.0353,-0.1027,0.0154,1.0077,-0.0183,-0.0072,2014,10.3751,0.5422,0.138
2014-2026,BTC_10W,0.03,LEVSPY,0.1589,0.0208,0.2382,0.6593,-0.331,-0.2664,2015,9.9821,0.5422,0.138
2014-2026,BTC_10W,0.1,SPY,0.1825,0.0444,0.1603,1.0067,-0.2951,-0.2012,2022,9.9821,0.5422,0.138
2014-2026,BTC_10W,0.1,RF,0.0718,-0.0663,0.0512,0.9995,-0.0976,-0.0728,2018,10.2179,0.5422,0.138
2014-2026,BTC_10W,0.1,LEVSPY,0.1898,0.0517,0.2305,0.7875,-0.3219,-0.2523,2022,9.7463,0.5422,0.138
2014-2026,BTC_10W,0.2,SPY,0.2235,0.0855,0.1738,1.1378,-0.2723,-0.2262,2022,9.5105,0.5422,0.138
2014-2026,BTC_10W,0.2,RF,0.1233,-0.0147,0.1027,0.9937,-0.1971,-0.1591,2018,9.7463,0.5422,0.138
2014-2026,BTC_10W,0.2,LEVSPY,0.2346,0.0965,0.23,0.949,-0.3293,-0.2696,2022,9.5891,0.5422,0.138
2014-2026,BTC_10W,0.3,SPY,0.2689,0.1308,0.1995,1.1969,-0.3397,-0.2784,2018,9.3533,0.5422,0.138
2014-2026,BTC_10W,0.3,RF,0.1728,0.0348,0.1537,0.9873,-0.2894,-0.2414,2018,9.2747,0.5422,0.138
2014-2026,BTC_10W,0.3,LEVSPY,0.2792,0.1412,0.2412,1.0629,-0.3644,-0.3223,2018,9.4319,0.5422,0.138
2014-2026,BTC_10W,0.5,SPY,0.3551,0.217,0.2822,1.1472,-0.469,-0.403,2018,8.6459,0.5422,0.138
2014-2026,BTC_10W,0.5,RF,0.283,0.1449,0.2629,1.0026,-0.4481,-0.3882,2018,8.7245,0.5422,0.138
2014-2026,BTC_10W,0.5,LEVSPY,0.3628,0.2248,0.3009,1.1136,-0.4785,-0.4236,2018,8.6459,0.5422,0.138
2014-2026,BTC_10W,1.0,RF,0.4618,0.3238,0.487,0.9744,-0.7236,-0.6639,2018,7.8599,0.5422,0.138
2014-2026,BTC_20W,0.03,SPY,0.1512,0.0131,0.1618,0.8332,-0.314,-0.1786,2022,6.1307,0.5753,0.138
2014-2026,BTC_20W,0.03,RF,0.0354,-0.1026,0.0163,0.9652,-0.0268,-0.0199,2014,6.6023,0.5753,0.138
2014-2026,BTC_20W,0.1,SPY,0.1811,0.043,0.1626,0.9877,-0.305,-0.1849,2022,6.1307,0.5753,0.138
2014-2026,BTC_20W,0.1,RF,0.0713,-0.0667,0.0538,0.9462,-0.1016,-0.0747,2018,6.2879,0.5753,0.138
2014-2026,BTC_20W,0.2,SPY,0.2242,0.0862,0.1795,1.1105,-0.2922,-0.2119,2018,5.8163,0.5753,0.138
2014-2026,BTC_20W,0.2,RF,0.1238,-0.0142,0.1072,0.9616,-0.207,-0.1675,2018,6.1307,0.5753,0.138
2014-2026,BTC_20W,0.3,SPY,0.2646,0.1266,0.2098,1.1328,-0.3475,-0.2867,2018,5.2661,0.5753,0.138
2014-2026,BTC_20W,0.3,RF,0.1728,0.0347,0.1679,0.9168,-0.3021,-0.2532,2018,5.4233,0.5753,0.138
2014-2026,BTC_20W,0.5,SPY,0.3447,0.2067,0.2958,1.0822,-0.4651,-0.3985,2018,4.7159,0.5753,0.138
2014-2026,BTC_20W,0.5,RF,0.2833,0.1453,0.2783,0.9626,-0.4442,-0.3823,2018,4.8731,0.5753,0.138
2014-2026,BTC_20W,1.0,RF,0.4451,0.3071,0.5202,0.9224,-0.7429,-0.6865,2018,3.93,0.5753,0.138
2014-2026,BTC_50D,0.03,SPY,0.1524,0.0144,0.161,0.8432,-0.3112,-0.1772,2022,10.8467,0.5452,0.138
2014-2026,BTC_50D,0.03,RF,0.0359,-0.1021,0.0151,1.0685,-0.0181,-0.0099,2014,11.0825,0.5452,0.138
2014-2026,BTC_50D,0.1,SPY,0.185,0.047,0.1593,1.0252,-0.295,-0.1801,2022,10.6895,0.5452,0.138
2014-2026,BTC_50D,0.1,RF,0.0741,-0.064,0.0501,1.0635,-0.0918,-0.0607,2018,10.9253,0.5452,0.138
2014-2026,BTC_50D,0.2,SPY,0.2318,0.0938,0.1713,1.1912,-0.2722,-0.1853,2018,10.2965,0.5452,0.138
2014-2026,BTC_50D,0.2,RF,0.1278,-0.0102,0.1001,1.0575,-0.2005,-0.1412,2018,10.6109,0.5452,0.138
2014-2026,BTC_50D,0.3,SPY,0.2767,0.1387,0.1968,1.2421,-0.3133,-0.2495,2018,9.9035,0.5452,0.138
2014-2026,BTC_50D,0.3,RF,0.181,0.043,0.1509,1.0487,-0.2977,-0.2163,2018,10.0607,0.5452,0.138
2014-2026,BTC_50D,0.5,SPY,0.361,0.2229,0.275,1.1861,-0.4538,-0.3685,2018,9.1961,0.5452,0.138
2014-2026,BTC_50D,0.5,RF,0.2923,0.1543,0.2573,1.0472,-0.4615,-0.3516,2018,9.2747,0.5452,0.138
2014-2026,BTC_50D,1.0,RF,0.4988,0.3608,0.4776,1.037,-0.7349,-0.6132,2018,8.6459,0.5452,0.138
2014-2026,BTC_200D,0.03,SPY,0.1508,0.0128,0.1617,0.8318,-0.3112,-0.1724,2022,5.6591,0.5738,0.138
2014-2026,BTC_200D,0.03,RF,0.0347,-0.1033,0.0162,0.9248,-0.0326,-0.0272,2014,6.0521,0.5738,0.138
2014-2026,BTC_200D,0.1,SPY,0.1789,0.0409,0.1622,0.9784,-0.2954,-0.1643,2022,5.5019,0.5738,0.138
2014-2026,BTC_200D,0.1,RF,0.0707,-0.0673,0.0538,0.9379,-0.1053,-0.0885,2014,5.9735,0.5738,0.138
2014-2026,BTC_200D,0.2,SPY,0.2193,0.0813,0.1784,1.0942,-0.2728,-0.1659,2018,5.3447,0.5738,0.138
2014-2026,BTC_200D,0.2,RF,0.1201,-0.0179,0.1079,0.9253,-0.2015,-0.1709,2014,5.6591,0.5738,0.138
2014-2026,BTC_200D,0.3,SPY,0.2573,0.1192,0.211,1.0997,-0.2902,-0.2239,2018,4.9517,0.5738,0.138
2014-2026,BTC_200D,0.3,RF,0.1679,0.0299,0.1663,0.8992,-0.2874,-0.2456,2014,5.1875,0.5738,0.138
2014-2026,BTC_200D,0.5,SPY,0.3256,0.1876,0.2946,1.0376,-0.4475,-0.3677,2018,4.2444,0.5738,0.138
2014-2026,BTC_200D,0.5,RF,0.271,0.133,0.2744,0.9375,-0.4258,-0.3673,2014,4.4801,0.5738,0.138
2014-2026,BTC_200D,1.0,RF,0.4203,0.2823,0.5206,0.8893,-0.7131,-0.6481,2014,3.4584,0.5738,0.138
2014-2026,BTC_10W_200D,0.03,SPY,0.1516,0.0136,0.1609,0.8391,-0.3112,-0.1704,2022,8.0171,0.4488,0.138
2014-2026,BTC_10W_200D,0.03,RF,0.0353,-0.1028,0.0145,1.0715,-0.0155,-0.0095,2014,8.1743,0.4488,0.138
2014-2026,BTC_10W_200D,0.03,LEVSPY,0.1585,0.0204,0.2381,0.658,-0.331,-0.265,2015,7.8599,0.4488,0.138
2014-2026,BTC_10W_200D,0.1,SPY,0.1822,0.0441,0.1588,1.0131,-0.2954,-0.1575,2022,7.9385,0.4488,0.138
2014-2026,BTC_10W_200D,0.1,RF,0.0717,-0.0663,0.0479,1.0629,-0.0613,-0.0311,2014,8.0957,0.4488,0.138
2014-2026,BTC_10W_200D,0.1,LEVSPY,0.1895,0.0515,0.2295,0.7889,-0.2887,-0.2131,2015,7.7813,0.4488,0.138
2014-2026,BTC_10W_200D,0.2,SPY,0.2248,0.0868,0.169,1.1714,-0.2728,-0.139,2022,7.5455,0.4488,0.138
2014-2026,BTC_10W_200D,0.2,RF,0.1237,-0.0143,0.0956,1.0646,-0.1194,-0.066,2018,7.7813,0.4488,0.138
2014-2026,BTC_10W_200D,0.2,LEVSPY,0.2341,0.0961,0.2266,0.9584,-0.2536,-0.1884,2018,7.5455,0.4488,0.138
2014-2026,BTC_10W_200D,0.3,SPY,0.2684,0.1304,0.191,1.2395,-0.2535,-0.1558,2018,7.3097,0.4488,0.138
2014-2026,BTC_10W_200D,0.3,RF,0.1743,0.0363,0.1427,1.0607,-0.1776,-0.1109,2018,7.3883,0.4488,0.138
2014-2026,BTC_10W_200D,0.3,LEVSPY,0.2811,0.1431,0.2348,1.0916,-0.2609,-0.2104,2018,7.4669,0.4488,0.138
2014-2026,BTC_10W_200D,0.5,SPY,0.3577,0.2197,0.2643,1.2139,-0.3065,-0.2201,2018,6.7595,0.4488,0.138
2014-2026,BTC_10W_200D,0.5,RF,0.2855,0.1475,0.244,1.0687,-0.2864,-0.1988,2018,6.8381,0.4488,0.138
2014-2026,BTC_10W_200D,0.5,LEVSPY,0.3652,0.2271,0.2844,1.1673,-0.3218,-0.2504,2018,6.7595,0.4488,0.138
2014-2026,BTC_10W_200D,1.0,RF,0.4838,0.3458,0.4536,1.0443,-0.5192,-0.4078,2018,5.9735,0.4488,0.138
2014-2026,BTC_BH_VT50,0.03,SPY,0.1489,0.0108,0.1642,0.8112,-0.3188,-0.1906,2022,6.5237,1.0,0.138
2014-2026,BTC_BH_VT50,0.03,RF,0.0328,-0.1052,0.0156,0.8539,-0.0259,-0.0179,2014,6.6023,1.0,0.138
2014-2026,BTC_BH_VT50,0.1,SPY,0.1738,0.0358,0.1695,0.9184,-0.321,-0.2244,2022,6.5237,1.0,0.138
2014-2026,BTC_BH_VT50,0.1,RF,0.0642,-0.0738,0.0513,0.8641,-0.0849,-0.0658,2022,6.7595,1.0,0.138
2014-2026,BTC_BH_VT50,0.2,SPY,0.207,0.069,0.1875,0.997,-0.3241,-0.2716,2022,5.7377,1.0,0.138
2014-2026,BTC_BH_VT50,0.2,RF,0.1096,-0.0284,0.103,0.8746,-0.1777,-0.1461,2022,6.6023,1.0,0.138
2014-2026,BTC_BH_VT50,0.3,SPY,0.2466,0.1085,0.2163,1.0405,-0.3576,-0.324,2022,5.8163,1.0,0.138
2014-2026,BTC_BH_VT50,0.3,RF,0.154,0.016,0.155,0.8777,-0.2587,-0.2165,2022,6.0521,1.0,0.138
2014-2026,BTC_BH_VT50,0.5,SPY,0.297,0.1589,0.2879,0.9826,-0.4517,-0.3979,2022,5.1875,1.0,0.138
2014-2026,BTC_BH_VT50,0.5,RF,0.2402,0.1021,0.2543,0.8976,-0.4051,-0.3474,2022,5.7377,1.0,0.138
2014-2026,BTC_BH_VT50,1.0,RF,0.3797,0.2416,0.5051,0.8506,-0.6687,-0.5898,2018,3.3798,1.0,0.138
2014-2026,BTC_10W_VT50,0.03,SPY,0.1485,0.0105,0.1608,0.8229,-0.3109,-0.1813,2022,10.9253,0.5422,0.138
2014-2026,BTC_10W_VT50,0.03,RF,0.0324,-0.1056,0.0122,1.0477,-0.0083,-0.003,2014,11.0825,0.5422,0.138
2014-2026,BTC_10W_VT50,0.1,SPY,0.1737,0.0357,0.1567,0.979,-0.2944,-0.1939,2022,10.6109,0.5422,0.138
2014-2026,BTC_10W_VT50,0.1,RF,0.0623,-0.0757,0.0402,1.0432,-0.0483,-0.0321,2018,10.9253,0.5422,0.138
2014-2026,BTC_10W_VT50,0.2,SPY,0.2091,0.0711,0.1601,1.1469,-0.2708,-0.2119,2022,10.5323,0.5422,0.138
2014-2026,BTC_10W_VT50,0.2,RF,0.1085,-0.0295,0.0812,1.0699,-0.1105,-0.087,2018,10.6895,0.5422,0.138
2014-2026,BTC_10W_VT50,0.3,SPY,0.2439,0.1059,0.1745,1.2285,-0.2495,-0.23,2022,10.2965,0.5422,0.138
2014-2026,BTC_10W_VT50,0.3,RF,0.1525,0.0145,0.1202,1.0794,-0.1693,-0.1396,2018,10.6109,0.5422,0.138
2014-2026,BTC_10W_VT50,0.5,SPY,0.3073,0.1693,0.2263,1.2118,-0.3081,-0.2665,2022,9.9035,0.5422,0.138
2014-2026,BTC_10W_VT50,0.5,RF,0.24,0.102,0.2028,1.0656,-0.2773,-0.2377,2018,10.0607,0.5422,0.138
2014-2026,BTC_10W_VT50,1.0,RF,0.4165,0.2785,0.3891,1.0347,-0.4977,-0.4459,2018,9.2747,0.5422,0.138
2014-2026,ETH_BH,0.03,SPY,0.1705,0.0324,0.1683,0.9062,-0.3209,-0.1944,2022,6.3665,0.875,0.138
2014-2026,ETH_BH,0.03,RF,0.0537,-0.0843,0.0306,1.0889,-0.0365,-0.0112,2022,6.8381,0.875,0.138
2014-2026,ETH_BH,0.1,SPY,0.2435,0.1054,0.1959,1.1138,-0.3286,-0.2371,2022,6.1307,0.875,0.138
2014-2026,ETH_BH,0.1,RF,0.1337,-0.0043,0.1017,1.0926,-0.1638,-0.0756,2018,6.6023,0.875,0.138
2014-2026,ETH_BH,0.2,SPY,0.3461,0.2081,0.266,1.1789,-0.3719,-0.2948,2022,5.1089,0.875,0.138
2014-2026,ETH_BH,0.2,RF,0.2373,0.0993,0.2039,1.0488,-0.3284,-0.184,2018,5.2661,0.875,0.138
2014-2026,ETH_BH,0.3,SPY,0.469,0.331,0.3524,1.2109,-0.5049,-0.3543,2022,4.4015,0.875,0.138
2014-2026,ETH_BH,0.3,RF,0.3691,0.2311,0.3124,1.0945,-0.4643,-0.2923,2018,4.5587,0.875,0.138
2014-2026,ETH_BH,0.5,SPY,0.6349,0.4968,0.5366,1.1388,-0.6904,-0.5167,2018,2.5152,0.875,0.138
2014-2026,ETH_BH,0.5,RF,0.5925,0.4545,0.5194,1.1038,-0.6744,-0.4641,2018,3.2226,0.875,0.138
2014-2026,ETH_BH,1.0,RF,0.8297,0.6917,1.0112,1.0442,-0.9233,-0.8175,2018,0.0786,0.875,0.138
2014-2026,ETH_10W,0.03,SPY,0.1643,0.0263,0.1642,0.8924,-0.3272,-0.1826,2022,9.3533,0.4789,0.138
2014-2026,ETH_10W,0.03,RF,0.047,-0.091,0.0253,1.0589,-0.0236,-0.0041,2015,9.4319,0.4789,0.138
2014-2026,ETH_10W,0.1,SPY,0.225,0.087,0.1789,1.1177,-0.3485,-0.1983,2022,9.2747,0.4789,0.138
2014-2026,ETH_10W,0.1,RF,0.1115,-0.0265,0.0844,1.0635,-0.0774,-0.0358,2022,9.4319,0.4789,0.138
2014-2026,ETH_10W,0.2,SPY,0.3106,0.1726,0.2271,1.2195,-0.3702,-0.2208,2022,8.7245,0.4789,0.138
2014-2026,ETH_10W,0.2,RF,0.2052,0.0672,0.1696,1.0677,-0.1627,-0.0822,2022,9.1175,0.4789,0.138
2014-2026,ETH_10W,0.3,SPY,0.4052,0.2671,0.2959,1.229,-0.3968,-0.2434,2022,8.4101,0.4789,0.138
2014-2026,ETH_10W,0.3,RF,0.3159,0.1778,0.2602,1.1043,-0.2347,-0.1272,2022,8.7245,0.4789,0.138
2014-2026,ETH_10W,0.5,SPY,0.5732,0.4352,0.4587,1.1611,-0.4985,-0.2891,2022,7.6241,0.4789,0.138
2014-2026,ETH_10W,0.5,RF,0.4829,0.3449,0.4433,1.0504,-0.4186,-0.213,2022,7.6241,0.4789,0.138
2014-2026,ETH_10W,1.0,RF,0.8072,0.6692,0.8133,1.0664,-0.7086,-0.4043,2022,6.3665,0.4789,0.138
2014-2026,ETH_20W,0.03,SPY,0.1684,0.0304,0.1641,0.9147,-0.3272,-0.1867,2022,7.4669,0.4789,0.138
2014-2026,ETH_20W,0.03,RF,0.0506,-0.0874,0.0256,1.1826,-0.0234,-0.0073,2022,7.7027,0.4789,0.138
2014-2026,ETH_20W,0.1,SPY,0.2383,0.1002,0.1787,1.1787,-0.3485,-0.2126,2022,7.2311,0.4789,0.138
2014-2026,ETH_20W,0.1,RF,0.1231,-0.015,0.0853,1.1728,-0.0762,-0.0524,2022,7.4669,0.4789,0.138
2014-2026,ETH_20W,0.2,SPY,0.3374,0.1994,0.2272,1.3085,-0.3702,-0.2484,2022,6.6023,0.4789,0.138
2014-2026,ETH_20W,0.2,RF,0.2283,0.0903,0.1705,1.1747,-0.1662,-0.1138,2022,6.9167,0.4789,0.138
2014-2026,ETH_20W,0.3,SPY,0.4541,0.3161,0.2983,1.3363,-0.3968,-0.2832,2022,6.2879,0.4789,0.138
2014-2026,ETH_20W,0.3,RF,0.3514,0.2134,0.2642,1.1922,-0.2345,-0.1722,2022,6.4451,0.4789,0.138
2014-2026,ETH_20W,0.5,SPY,0.6533,0.5153,0.4615,1.2653,-0.4831,-0.3488,2022,5.5019,0.4789,0.138
2014-2026,ETH_20W,0.5,RF,0.5729,0.4349,0.443,1.1842,-0.3881,-0.2786,2022,5.7377,0.4789,0.138
2014-2026,ETH_20W,1.0,RF,1.003,0.865,0.8259,1.1853,-0.6816,-0.5064,2022,4.0086,0.4789,0.138
2014-2026,ETH_50D,0.03,SPY,0.1673,0.0292,0.1634,0.9115,-0.3151,-0.1835,2022,10.6109,0.4563,0.138
2014-2026,ETH_50D,0.03,RF,0.0495,-0.0885,0.0251,1.1644,-0.0213,-0.009,2015,10.6895,0.4563,0.138
2014-2026,ETH_50D,0.1,SPY,0.2351,0.0971,0.1761,1.179,-0.3085,-0.2011,2022,10.5323,0.4563,0.138
2014-2026,ETH_50D,0.1,RF,0.1204,-0.0176,0.0833,1.1715,-0.0695,-0.0383,2022,10.6895,0.4563,0.138
2014-2026,ETH_50D,0.2,SPY,0.3336,0.1956,0.223,1.3153,-0.2992,-0.2263,2022,9.9821,0.4563,0.138
2014-2026,ETH_50D,0.2,RF,0.2223,0.0843,0.1689,1.1552,-0.135,-0.0873,2022,10.2179,0.4563,0.138
2014-2026,ETH_50D,0.3,SPY,0.4399,0.3019,0.2905,1.3296,-0.2917,-0.2515,2022,9.7463,0.4563,0.138
2014-2026,ETH_50D,0.3,RF,0.3397,0.2017,0.258,1.181,-0.2013,-0.1347,2022,9.9035,0.4563,0.138
2014-2026,ETH_50D,0.5,SPY,0.6441,0.506,0.4487,1.273,-0.3575,-0.3018,2022,8.8031,0.4563,0.138
2014-2026,ETH_50D,0.5,RF,0.567,0.429,0.4349,1.1879,-0.3565,-0.2251,2022,8.8817,0.4563,0.138
2014-2026,ETH_50D,1.0,RF,0.9881,0.85,0.8008,1.1831,-0.5822,-0.4261,2022,7.6241,0.4563,0.138
2014-2026,ETH_200D,0.03,SPY,0.1615,0.0235,0.1644,0.8769,-0.3257,-0.18,2022,5.5019,0.4804,0.138
2014-2026,ETH_200D,0.03,RF,0.0446,-0.0934,0.0243,1.0078,-0.0214,-0.0001,2014,5.7377,0.4804,0.138
2014-2026,ETH_200D,0.1,SPY,0.2138,0.0758,0.1787,1.0673,-0.3439,-0.1898,2022,5.1875,0.4804,0.138
2014-2026,ETH_200D,0.1,RF,0.101,-0.0371,0.0811,0.9856,-0.0755,-0.0264,2022,5.4233,0.4804,0.138
2014-2026,ETH_200D,0.2,SPY,0.2794,0.1413,0.2233,1.1286,-0.3702,-0.2013,2022,4.7159,0.4804,0.138
2014-2026,ETH_200D,0.2,RF,0.177,0.039,0.162,0.9645,-0.1605,-0.0621,2022,5.0303,0.4804,0.138
2014-2026,ETH_200D,0.3,SPY,0.3587,0.2207,0.2871,1.1416,-0.3907,-0.228,2022,4.323,0.4804,0.138
2014-2026,ETH_200D,0.3,RF,0.2667,0.1287,0.2479,0.9937,-0.2331,-0.0947,2022,4.4801,0.4804,0.138
2014-2026,ETH_200D,0.5,SPY,0.5072,0.3691,0.4337,1.1077,-0.5352,-0.2522,2022,3.8514,0.4804,0.138
2014-2026,ETH_200D,0.5,RF,0.4238,0.2857,0.4156,0.998,-0.4637,-0.1742,2022,3.8514,0.4804,0.138
2014-2026,ETH_200D,1.0,RF,0.6566,0.5186,0.7877,0.9739,-0.7883,-0.3973,2018,2.2794,0.4804,0.138
2014-2026,ROT_MOM_10W,0.03,SPY,0.1648,0.0268,0.1646,0.8937,-0.3272,-0.184,2022,13.3618,0.6235,0.138
2014-2026,ROT_MOM_10W,0.03,RF,0.0479,-0.0901,0.0252,1.0963,-0.0214,-0.0072,2014,13.7548,0.6235,0.138
2014-2026,ROT_MOM_10W,0.1,SPY,0.2271,0.0891,0.1799,1.1217,-0.3485,-0.2026,2022,13.2046,0.6235,0.138
2014-2026,ROT_MOM_10W,0.1,RF,0.1143,-0.0238,0.0841,1.0956,-0.1164,-0.0734,2018,13.519,0.6235,0.138
2014-2026,ROT_MOM_10W,0.2,SPY,0.3151,0.177,0.2291,1.2265,-0.3783,-0.2294,2022,12.7331,0.6235,0.138
2014-2026,ROT_MOM_10W,0.2,RF,0.2106,0.0725,0.1696,1.0943,-0.2404,-0.166,2018,13.0474,0.6235,0.138
2014-2026,ROT_MOM_10W,0.3,SPY,0.4088,0.2708,0.2973,1.234,-0.4231,-0.3047,2018,12.4187,0.6235,0.138
2014-2026,ROT_MOM_10W,0.3,RF,0.312,0.174,0.2602,1.0933,-0.3661,-0.2717,2018,12.4187,0.6235,0.138
2014-2026,ROT_MOM_10W,0.5,SPY,0.5669,0.4289,0.4511,1.1663,-0.5675,-0.4431,2018,11.5541,0.6235,0.138
2014-2026,ROT_MOM_10W,0.5,RF,0.4937,0.3557,0.4342,1.0817,-0.5429,-0.4259,2018,11.6327,0.6235,0.138
2014-2026,ROT_MOM_10W,1.0,RF,0.7926,0.6546,0.8163,1.0578,-0.8222,-0.6952,2018,10.2965,0.6235,0.138
2014-2026,ROT_ETHBTC_10W,0.03,SPY,0.1634,0.0253,0.1646,0.8858,-0.3272,-0.1824,2022,13.6762,0.6235,0.138
2014-2026,ROT_ETHBTC_10W,0.03,RF,0.0464,-0.0916,0.0254,1.0328,-0.0281,-0.0072,2014,13.7548,0.6235,0.138
2014-2026,ROT_ETHBTC_10W,0.1,SPY,0.2223,0.0842,0.1796,1.1013,-0.3439,-0.1975,2022,13.6762,0.6235,0.138
2014-2026,ROT_ETHBTC_10W,0.1,RF,0.1088,-0.0292,0.0845,1.0322,-0.1094,-0.0398,2018,13.6762,0.6235,0.138
2014-2026,ROT_ETHBTC_10W,0.2,SPY,0.3048,0.1667,0.2292,1.191,-0.3702,-0.2195,2022,13.126,0.6235,0.138
2014-2026,ROT_ETHBTC_10W,0.2,RF,0.1979,0.0599,0.1701,1.0299,-0.2277,-0.104,2018,13.3618,0.6235,0.138
2014-2026,ROT_ETHBTC_10W,0.3,SPY,0.3914,0.2533,0.2979,1.1898,-0.3968,-0.2418,2022,12.8903,0.6235,0.138
2014-2026,ROT_ETHBTC_10W,0.3,RF,0.2965,0.1585,0.2608,1.0456,-0.3322,-0.1669,2018,12.9689,0.6235,0.138
2014-2026,ROT_ETHBTC_10W,0.5,SPY,0.5342,0.3962,0.4529,1.1173,-0.5431,-0.3292,2018,12.0257,0.6235,0.138
2014-2026,ROT_ETHBTC_10W,0.5,RF,0.4632,0.3252,0.4369,1.0306,-0.5232,-0.3082,2018,12.1043,0.6235,0.138
2014-2026,ROT_ETHBTC_10W,1.0,RF,0.728,0.5899,0.8174,1.0134,-0.7789,-0.549,2018,10.8467,0.6235,0.138
2014-2026,HALF_10W,0.03,SPY,0.158,0.0199,0.1622,0.8679,-0.3187,-0.1828,2022,15.5626,0.6235,0.138
2014-2026,HALF_10W,0.03,RF,0.0411,-0.0969,0.0169,1.2444,-0.0154,-0.0036,2014,15.6412,0.6235,0.138
2014-2026,HALF_10W,0.1,SPY,0.2041,0.0661,0.1646,1.0949,-0.3207,-0.1988,2022,15.4054,0.6235,0.138
2014-2026,HALF_10W,0.1,RF,0.0917,-0.0463,0.0564,1.2374,-0.0631,-0.0361,2018,15.5626,0.6235,0.138
2014-2026,HALF_10W,0.2,SPY,0.2691,0.1311,0.1837,1.2852,-0.3236,-0.2218,2022,15.0124,0.6235,0.138
2014-2026,HALF_10W,0.2,RF,0.1651,0.0271,0.1126,1.2391,-0.145,-0.0945,2018,15.3268,0.6235,0.138
2014-2026,HALF_10W,0.3,SPY,0.3375,0.1995,0.216,1.3654,-0.3259,-0.2449,2022,14.9338,0.6235,0.138
2014-2026,HALF_10W,0.3,RF,0.2423,0.1042,0.1697,1.2464,-0.2203,-0.15,2018,15.0124,0.6235,0.138
2014-2026,HALF_10W,0.5,SPY,0.4683,0.3303,0.3043,1.3483,-0.3706,-0.2914,2022,14.2264,0.6235,0.138
2014-2026,HALF_10W,0.5,RF,0.3955,0.2574,0.2837,1.2436,-0.3522,-0.246,2018,14.2264,0.6235,0.138
2014-2026,HALF_10W,1.0,RF,0.7702,0.6321,0.5509,1.2596,-0.601,-0.4563,2018,12.9689,0.6235,0.138
2014-2026,BTC2X_BH,0.03,SPY,0.1658,0.0278,0.1731,0.8633,-0.3227,-0.2224,2022,10.1393,1.0,0.138
2014-2026,BTC2X_BH,0.03,RF,0.05,-0.088,0.0412,0.7387,-0.0746,-0.0539,2014,10.9253,1.0,0.138
2014-2026,BTC2X_BH,0.1,SPY,0.2324,0.0943,0.2236,0.9621,-0.3601,-0.3144,2022,9.5891,1.0,0.138
2014-2026,BTC2X_BH,0.1,RF,0.1203,-0.0177,0.1381,0.7515,-0.2326,-0.1761,2022,10.0607,1.0,0.138
2014-2026,BTC2X_BH,0.2,SPY,0.3279,0.1898,0.334,0.9591,-0.4873,-0.438,2022,9.1961,1.0,0.138
2014-2026,BTC2X_BH,0.2,RF,0.2144,0.0764,0.2763,0.7694,-0.4332,-0.3584,2018,9.4319,1.0,0.138
2014-2026,BTC2X_BH,0.3,SPY,0.3841,0.2461,0.4557,0.8972,-0.6301,-0.5722,2022,7.7027,1.0,0.138
2014-2026,BTC2X_BH,0.3,RF,0.3089,0.1709,0.4163,0.8027,-0.579,-0.492,2018,8.0171,1.0,0.138
2014-2026,BTC2X_BH,0.5,SPY,0.4332,0.2952,0.7139,0.8257,-0.8098,-0.7462,2018,4.2444,1.0,0.138
2014-2026,BTC2X_BH,0.5,RF,0.3836,0.2456,0.6929,0.7746,-0.8084,-0.7366,2018,4.4015,1.0,0.138
2014-2026,BTC2X_BH,1.0,RF,0.0883,-0.0497,1.3767,0.7295,-0.993,-0.9761,2018,0.0,1.0,0.138
2014-2026,BTC2X_10W,0.03,SPY,0.1643,0.0262,0.1649,0.8894,-0.3135,-0.1945,2022,11.5541,0.5422,0.138
2014-2026,BTC2X_10W,0.03,RF,0.0476,-0.0904,0.0307,0.9002,-0.0557,-0.036,2018,12.2615,0.5422,0.138
2014-2026,BTC2X_10W,0.03,LEVSPY,0.1715,0.0335,0.2418,0.6981,-0.3288,-0.2609,2015,11.7113,0.5422,0.138
2014-2026,BTC2X_10W,0.1,SPY,0.2249,0.0869,0.188,1.0715,-0.3033,-0.2373,2022,11.3969,0.5422,0.138
2014-2026,BTC2X_10W,0.1,RF,0.112,-0.026,0.1033,0.891,-0.2085,-0.1673,2018,11.7113,0.5422,0.138
2014-2026,BTC2X_10W,0.1,LEVSPY,0.2333,0.0953,0.2537,0.8795,-0.3609,-0.2917,2022,11.4755,0.5422,0.138
2014-2026,BTC2X_10W,0.2,SPY,0.3135,0.1754,0.2579,1.1103,-0.435,-0.3619,2018,11.1611,0.5422,0.138
2014-2026,BTC2X_10W,0.2,RF,0.1972,0.0591,0.207,0.8772,-0.3887,-0.3288,2018,11.3183,0.5422,0.138
2014-2026,BTC2X_10W,0.2,LEVSPY,0.3245,0.1865,0.3035,1.0143,-0.4611,-0.4089,2018,11.2397,0.5422,0.138
2014-2026,BTC2X_10W,0.3,SPY,0.3972,0.2591,0.3442,1.0833,-0.5602,-0.4843,2018,11.0039,0.5422,0.138
2014-2026,BTC2X_10W,0.3,RF,0.294,0.156,0.3151,0.9081,-0.5314,-0.4632,2018,11.0825,0.5422,0.138
2014-2026,BTC2X_10W,0.3,LEVSPY,0.4066,0.2685,0.3736,1.0452,-0.5753,-0.5146,2018,10.8467,0.5422,0.138
2014-2026,BTC2X_10W,0.5,SPY,0.5075,0.3695,0.5467,0.9743,-0.7279,-0.6562,2018,9.4319,0.5422,0.138
2014-2026,BTC2X_10W,0.5,RF,0.4417,0.3037,0.5284,0.9056,-0.7194,-0.6503,2018,9.7463,0.5422,0.138
2014-2026,BTC2X_10W,0.5,LEVSPY,0.5259,0.3879,0.558,0.9879,-0.7305,-0.6656,2018,9.5891,0.5422,0.138
2014-2026,BTC2X_10W,1.0,RF,0.5603,0.4223,1.0016,0.8859,-0.945,-0.9156,2018,7.8599,0.5422,0.138
2014-2026,BTC2X_20W,0.03,SPY,0.1654,0.0273,0.1659,0.8906,-0.3183,-0.1863,2022,8.8031,0.5753,0.138
2014-2026,BTC2X_20W,0.03,RF,0.0476,-0.0904,0.0321,0.8622,-0.058,-0.0404,2014,9.1175,0.5753,0.138
2014-2026,BTC2X_20W,0.1,SPY,0.2282,0.0902,0.193,1.0632,-0.323,-0.2147,2018,8.4887,0.5753,0.138
2014-2026,BTC2X_20W,0.1,RF,0.1107,-0.0273,0.1081,0.8458,-0.2063,-0.1629,2018,8.6459,0.5753,0.138
2014-2026,BTC2X_20W,0.2,SPY,0.3185,0.1804,0.2678,1.0934,-0.4323,-0.3588,2018,8.2529,0.5753,0.138
2014-2026,BTC2X_20W,0.2,RF,0.2002,0.0622,0.2173,0.8573,-0.3849,-0.323,2018,8.0171,0.5753,0.138
2014-2026,BTC2X_20W,0.3,SPY,0.4024,0.2644,0.3622,1.057,-0.5584,-0.4821,2018,7.3883,0.5753,0.138
2014-2026,BTC2X_20W,0.3,RF,0.2949,0.1569,0.3287,0.8852,-0.5281,-0.4581,2018,7.6241,0.5753,0.138
2014-2026,BTC2X_20W,0.5,SPY,0.481,0.343,0.5648,0.9314,-0.7295,-0.6583,2018,5.6591,0.5753,0.138
2014-2026,BTC2X_20W,0.5,RF,0.4375,0.2995,0.549,0.8861,-0.7197,-0.6499,2018,6.0521,0.5753,0.138
2014-2026,BTC2X_20W,1.0,RF,0.4834,0.3453,1.0651,0.8481,-0.9527,-0.9272,2018,3.93,0.5753,0.138
2014-2026,BTC2X_10W_200D,0.03,SPY,0.1638,0.0258,0.1642,0.8897,-0.3135,-0.1704,2022,9.1961,0.4488,0.138
2014-2026,BTC2X_10W_200D,0.03,RF,0.047,-0.091,0.0286,0.9447,-0.0389,-0.0191,2014,9.7463,0.4488,0.138
2014-2026,BTC2X_10W_200D,0.1,SPY,0.224,0.0859,0.1835,1.0888,-0.3033,-0.1575,2022,9.0389,0.4488,0.138
2014-2026,BTC2X_10W_200D,0.1,RF,0.1104,-0.0277,0.0963,0.9329,-0.1345,-0.0779,2018,9.3533,0.4488,0.138
2014-2026,BTC2X_10W_200D,0.2,SPY,0.3137,0.1757,0.2459,1.1532,-0.3101,-0.2163,2018,8.8817,0.4488,0.138
2014-2026,BTC2X_10W_200D,0.2,RF,0.1985,0.0605,0.1939,0.9286,-0.2571,-0.1739,2018,8.9603,0.4488,0.138
2014-2026,BTC2X_10W_200D,0.3,SPY,0.4033,0.2652,0.326,1.1386,-0.3979,-0.2939,2018,8.6459,0.4488,0.138
2014-2026,BTC2X_10W_200D,0.3,RF,0.2988,0.1608,0.2961,0.9592,-0.3646,-0.2629,2018,8.7245,0.4488,0.138
2014-2026,BTC2X_10W_200D,0.5,SPY,0.5358,0.3978,0.5115,1.042,-0.5306,-0.4068,2018,7.4669,0.4488,0.138
2014-2026,BTC2X_10W_200D,0.5,RF,0.468,0.33,0.4932,0.9709,-0.5202,-0.3944,2018,7.7813,0.4488,0.138
2014-2026,BTC2X_10W_200D,1.0,RF,0.6733,0.5353,0.9362,0.9539,-0.8183,-0.7127,2018,5.9735,0.4488,0.138
2014-2026,BTC_10W_VT80_L2,0.03,SPY,0.1586,0.0206,0.1628,0.869,-0.3125,-0.1883,2022,19.0996,0.5422,0.138
2014-2026,BTC_10W_VT80_L2,0.03,RF,0.0418,-0.0962,0.0215,1.0183,-0.0182,-0.0089,2022,19.414,0.5422,0.138
2014-2026,BTC_10W_VT80_L2,0.1,SPY,0.2059,0.0679,0.1705,1.0719,-0.3,-0.2168,2022,19.0996,0.5422,0.138
2014-2026,BTC_10W_VT80_L2,0.1,RF,0.093,-0.045,0.0714,1.01,-0.0854,-0.0647,2018,19.2568,0.5422,0.138
2014-2026,BTC_10W_VT80_L2,0.2,SPY,0.2703,0.1323,0.203,1.1861,-0.2822,-0.2571,2022,18.9424,0.5422,0.138
2014-2026,BTC_10W_VT80_L2,0.2,RF,0.1658,0.0278,0.1421,1.0136,-0.1796,-0.1486,2018,19.2568,0.5422,0.138
2014-2026,BTC_10W_VT80_L2,0.3,SPY,0.331,0.193,0.2511,1.1873,-0.3264,-0.2967,2022,18.9424,0.5422,0.138
2014-2026,BTC_10W_VT80_L2,0.3,RF,0.2357,0.0977,0.2117,1.0121,-0.2657,-0.2268,2018,19.021,0.5422,0.138
2014-2026,BTC_10W_VT80_L2,0.5,SPY,0.4488,0.3108,0.3708,1.1289,-0.4398,-0.3842,2018,18.3136,0.5422,0.138
2014-2026,BTC_10W_VT80_L2,0.5,RF,0.3759,0.2379,0.3529,1.02,-0.4159,-0.3669,2018,18.3922,0.5422,0.138
2014-2026,BTC_10W_VT80_L2,1.0,RF,0.6064,0.4683,0.6849,0.9884,-0.6859,-0.6345,2018,18.0778,0.5422,0.138
2014-2026,HALVING_18M,0.03,SPY,0.1507,0.0127,0.1619,0.8305,-0.3098,-0.1704,2022,2.1222,0.387,0.138
2014-2026,HALVING_18M,0.03,RF,0.0348,-0.1033,0.0137,1.0921,-0.0192,-0.0061,2014,2.5152,0.387,0.138
2014-2026,HALVING_18M,0.1,SPY,0.1798,0.0418,0.1609,0.9896,-0.2905,-0.1573,2022,2.1222,0.387,0.138
2014-2026,HALVING_18M,0.1,RF,0.07,-0.068,0.0449,1.0971,-0.0623,-0.0182,2014,2.2794,0.387,0.138
2014-2026,HALVING_18M,0.2,SPY,0.2232,0.0852,0.1713,1.1499,-0.2622,-0.1387,2022,1.8864,0.387,0.138
2014-2026,HALVING_18M,0.2,RF,0.1216,-0.0165,0.0893,1.1104,-0.1208,-0.0353,2014,2.0436,0.387,0.138
2014-2026,HALVING_18M,0.3,SPY,0.2661,0.1281,0.1907,1.2313,-0.2329,-0.12,2022,1.6506,0.387,0.138
2014-2026,HALVING_18M,0.3,RF,0.1763,0.0382,0.1393,1.094,-0.1758,-0.0756,2014,1.7292,0.387,0.138
2014-2026,HALVING_18M,0.5,SPY,0.3512,0.2132,0.2557,1.2269,-0.2622,-0.1241,2018,1.179,0.387,0.138
2014-2026,HALVING_18M,0.5,RF,0.2966,0.1586,0.2343,1.1394,-0.268,-0.0969,2018,1.4934,0.387,0.138
2014-2026,HALVING_18M,1.0,RF,0.5019,0.3639,0.4417,1.0883,-0.5233,-0.2884,2014,0.5502,0.387,0.138
2014-2026,NONE,0.0,SPY,0.138,-0.0,0.1641,0.7536,-0.3179,-0.176,2022,0.0,1.0,0.138
2014-2026,NONE,0.0,LEVSPY,0.145,0.0069,0.2432,0.601,-0.3488,-0.2866,2015,0.0,1.0,0.138
2018-2026,BTC_BH,0.03,SPY,0.1549,0.0094,0.1823,0.7281,-0.3168,-0.1944,2022,4.0074,1.0,0.1455
2018-2026,BTC_BH,0.03,RF,0.0406,-0.105,0.0196,0.6102,-0.0311,-0.0166,2022,4.0074,1.0,0.1455
2018-2026,BTC_BH,0.03,LEVSPY,0.1726,0.0271,0.2569,0.6399,-0.3218,-0.251,2022,4.0074,1.0,0.1455
2018-2026,BTC_BH,0.1,SPY,0.178,0.0325,0.1917,0.8056,-0.313,-0.2365,2022,3.8929,1.0,0.1455
2018-2026,BTC_BH,0.1,RF,0.0724,-0.0731,0.0647,0.6788,-0.1015,-0.0786,2022,4.2364,1.0,0.1455
2018-2026,BTC_BH,0.1,LEVSPY,0.1935,0.048,0.2568,0.7089,-0.3318,-0.2866,2022,3.5495,1.0,0.1455
2018-2026,BTC_BH,0.2,SPY,0.2013,0.0558,0.2213,0.8149,-0.3439,-0.2946,2022,2.8625,1.0,0.1455
2018-2026,BTC_BH,0.2,RF,0.1106,-0.0349,0.1291,0.6596,-0.2033,-0.1511,2022,3.3205,1.0,0.1455
2018-2026,BTC_BH,0.2,LEVSPY,0.2124,0.0669,0.2707,0.7444,-0.3737,-0.3381,2022,2.6335,1.0,0.1455
2018-2026,BTC_BH,0.3,SPY,0.2245,0.079,0.2616,0.8001,-0.407,-0.3496,2022,2.1755,1.0,0.1455
2018-2026,BTC_BH,0.3,RF,0.1399,-0.0056,0.1968,0.621,-0.3192,-0.2502,2022,2.519,1.0,0.1455
2018-2026,BTC_BH,0.3,LEVSPY,0.2395,0.094,0.297,0.7782,-0.4204,-0.3852,2022,2.4045,1.0,0.1455
2018-2026,BTC_BH,0.5,SPY,0.2461,0.1006,0.3698,0.706,-0.5348,-0.4646,2022,1.2595,1.0,0.1455
2018-2026,BTC_BH,0.5,RF,0.1765,0.031,0.3354,0.5681,-0.4794,-0.414,2018,1.0305,1.0,0.1455
2018-2026,BTC_BH,0.5,LEVSPY,0.2619,0.1164,0.383,0.7265,-0.5394,-0.4776,2022,1.2595,1.0,0.1455
2018-2026,BTC_BH,1.0,RF,0.2248,0.0792,0.6491,0.5955,-0.7694,-0.7301,2018,0.0,1.0,0.1455
2018-2026,BTC_10W,0.03,SPY,0.1521,0.0066,0.1777,0.7285,-0.3111,-0.1835,2022,10.1904,0.5132,0.1455
2018-2026,BTC_10W,0.03,RF,0.038,-0.1075,0.014,0.6719,-0.0125,-0.0034,2022,10.5339,0.5132,0.1455
2018-2026,BTC_10W,0.03,LEVSPY,0.1702,0.0247,0.2539,0.6365,-0.3196,-0.2403,2022,10.1904,0.5132,0.1455
2018-2026,BTC_10W,0.1,SPY,0.1673,0.0218,0.174,0.8154,-0.2951,-0.2012,2022,10.1904,0.5132,0.1455
2018-2026,BTC_10W,0.1,RF,0.0603,-0.0852,0.0464,0.6784,-0.0765,-0.0642,2018,10.4194,0.5132,0.1455
2018-2026,BTC_10W,0.1,LEVSPY,0.1848,0.0393,0.2444,0.702,-0.3219,-0.2523,2022,9.9614,0.5132,0.1455
2018-2026,BTC_10W,0.2,SPY,0.1857,0.0401,0.1798,0.8813,-0.2723,-0.2262,2022,9.9614,0.5132,0.1455
2018-2026,BTC_10W,0.2,RF,0.091,-0.0545,0.0932,0.6792,-0.1629,-0.1472,2018,10.1904,0.5132,0.1455
2018-2026,BTC_10W,0.2,LEVSPY,0.2044,0.0589,0.2386,0.7819,-0.3293,-0.2696,2022,9.9614,0.5132,0.1455
2018-2026,BTC_10W,0.3,SPY,0.2055,0.0599,0.1976,0.9022,-0.3015,-0.2594,2018,9.7324,0.5132,0.1455
2018-2026,BTC_10W,0.3,RF,0.1167,-0.0288,0.1392,0.6595,-0.2426,-0.2244,2018,9.7324,0.5132,0.1455
2018-2026,BTC_10W,0.3,LEVSPY,0.2225,0.077,0.2431,0.8327,-0.3452,-0.307,2018,9.7324,0.5132,0.1455
2018-2026,BTC_10W,0.5,SPY,0.2372,0.0916,0.2619,0.8343,-0.4142,-0.3803,2018,9.1599,0.5132,0.1455
2018-2026,BTC_10W,0.5,RF,0.1721,0.0266,0.2344,0.6726,-0.3834,-0.362,2018,9.2744,0.5132,0.1455
2018-2026,BTC_10W,0.5,LEVSPY,0.2525,0.107,0.2845,0.8336,-0.4321,-0.4048,2018,9.1599,0.5132,0.1455
2018-2026,BTC_10W,1.0,RF,0.245,0.0995,0.4417,0.6479,-0.6449,-0.6231,2018,8.7019,0.5132,0.1455
2018-2026,BTC_20W,0.03,SPY,0.1513,0.0058,0.1781,0.7234,-0.314,-0.1786,2022,6.1829,0.5351,0.1455
2018-2026,BTC_20W,0.03,RF,0.0378,-0.1077,0.0145,0.6386,-0.0192,-0.0016,2018,6.4119,0.5351,0.1455
2018-2026,BTC_20W,0.1,SPY,0.1646,0.019,0.1754,0.7969,-0.305,-0.1849,2022,6.1829,0.5351,0.1455
2018-2026,BTC_20W,0.1,RF,0.0591,-0.0864,0.0481,0.6325,-0.077,-0.0624,2018,6.2974,0.5351,0.1455
2018-2026,BTC_20W,0.2,SPY,0.1825,0.037,0.1829,0.8552,-0.2922,-0.1946,2022,5.8394,0.5351,0.1455
2018-2026,BTC_20W,0.2,RF,0.0883,-0.0572,0.0955,0.6393,-0.1628,-0.1451,2018,6.1829,0.5351,0.1455
2018-2026,BTC_20W,0.3,SPY,0.1977,0.0521,0.2044,0.8475,-0.3015,-0.2592,2018,5.3814,0.5351,0.1455
2018-2026,BTC_20W,0.3,RF,0.1096,-0.0359,0.1472,0.5886,-0.243,-0.223,2018,5.6104,0.5351,0.1455
2018-2026,BTC_20W,0.5,SPY,0.2182,0.0727,0.271,0.7593,-0.4182,-0.3844,2018,5.0379,0.5351,0.1455
2018-2026,BTC_20W,0.5,RF,0.1584,0.0129,0.2477,0.6023,-0.3879,-0.3651,2018,5.1524,0.5351,0.1455
2018-2026,BTC_20W,1.0,RF,0.2188,0.0733,0.4639,0.5957,-0.6696,-0.6485,2018,4.5799,0.5351,0.1455
2018-2026,BTC_50D,0.03,SPY,0.1535,0.0079,0.1775,0.7358,-0.3112,-0.1772,2022,10.8774,0.5088,0.1455
2018-2026,BTC_50D,0.03,RF,0.0392,-0.1063,0.0137,0.77,-0.0089,0.0011,2018,11.1063,0.5088,0.1455
2018-2026,BTC_50D,0.1,SPY,0.1717,0.0262,0.173,0.8405,-0.295,-0.1801,2022,10.7629,0.5088,0.1455
2018-2026,BTC_50D,0.1,RF,0.064,-0.0815,0.0456,0.765,-0.072,-0.0533,2018,10.9918,0.5088,0.1455
2018-2026,BTC_50D,0.2,SPY,0.1957,0.0502,0.1777,0.9369,-0.2722,-0.1849,2022,10.4194,0.5088,0.1455
2018-2026,BTC_50D,0.2,RF,0.0979,-0.0477,0.0911,0.7607,-0.1644,-0.127,2018,10.7629,0.5088,0.1455
2018-2026,BTC_50D,0.3,SPY,0.2214,0.0759,0.1958,0.9757,-0.2768,-0.2331,2018,10.0759,0.5088,0.1455
2018-2026,BTC_50D,0.3,RF,0.13,-0.0155,0.137,0.7547,-0.2488,-0.196,2018,10.3049,0.5088,0.1455
2018-2026,BTC_50D,0.5,SPY,0.2564,0.1109,0.2553,0.9099,-0.3944,-0.3413,2018,9.5034,0.5088,0.1455
2018-2026,BTC_50D,0.5,RF,0.193,0.0475,0.2305,0.7569,-0.3956,-0.3208,2018,9.6179,0.5088,0.1455
2018-2026,BTC_50D,1.0,RF,0.294,0.1485,0.4347,0.7404,-0.6594,-0.5663,2018,9.1599,0.5088,0.1455
2018-2026,BTC_200D,0.03,SPY,0.1508,0.0053,0.1779,0.7217,-0.3112,-0.1724,2022,5.3814,0.5285,0.1455
2018-2026,BTC_200D,0.03,RF,0.0375,-0.108,0.0143,0.6241,-0.0176,0.0071,2018,5.6104,0.5285,0.1455
2018-2026,BTC_200D,0.1,SPY,0.1632,0.0177,0.1745,0.7933,-0.2954,-0.1643,2022,5.3814,0.5285,0.1455
2018-2026,BTC_200D,0.1,RF,0.0589,-0.0866,0.047,0.6445,-0.059,-0.0349,2018,5.6104,0.5285,0.1455
2018-2026,BTC_200D,0.2,SPY,0.1818,0.0363,0.1807,0.8601,-0.2728,-0.1529,2022,5.1524,0.5285,0.1455
2018-2026,BTC_200D,0.2,RF,0.088,-0.0575,0.0934,0.6483,-0.1218,-0.0945,2018,5.4959,0.5285,0.1455
2018-2026,BTC_200D,0.3,SPY,0.192,0.0464,0.2006,0.8363,-0.2655,-0.1939,2018,4.8089,0.5285,0.1455
2018-2026,BTC_200D,0.3,RF,0.11,-0.0355,0.1435,0.6027,-0.1897,-0.1535,2018,5.1524,0.5285,0.1455
2018-2026,BTC_200D,0.5,SPY,0.2134,0.0678,0.2636,0.7587,-0.3316,-0.2926,2018,4.4654,0.5285,0.1455
2018-2026,BTC_200D,0.5,RF,0.1531,0.0075,0.2403,0.5945,-0.3022,-0.2693,2018,4.5799,0.5285,0.1455
2018-2026,BTC_200D,1.0,RF,0.213,0.0675,0.4564,0.5877,-0.5721,-0.5403,2018,3.8929,0.5285,0.1455
2018-2026,BTC_10W_200D,0.03,SPY,0.1518,0.0063,0.1773,0.7281,-0.3112,-0.1704,2022,7.6714,0.4123,0.1455
2018-2026,BTC_10W_200D,0.03,RF,0.0378,-0.1077,0.0127,0.7302,-0.013,0.0121,2022,7.7859,0.4123,0.1455
2018-2026,BTC_10W_200D,0.03,LEVSPY,0.1696,0.0241,0.2536,0.6349,-0.3087,-0.2281,2022,7.6714,0.4123,0.1455
2018-2026,BTC_10W_200D,0.1,SPY,0.1665,0.0209,0.172,0.8188,-0.2954,-0.1575,2022,7.6714,0.4123,0.1455
2018-2026,BTC_10W_200D,0.1,RF,0.0599,-0.0857,0.0419,0.7372,-0.0412,-0.0142,2018,7.7859,0.4123,0.1455
2018-2026,BTC_10W_200D,0.1,LEVSPY,0.184,0.0385,0.2429,0.7022,-0.2848,-0.2113,2022,7.5569,0.4123,0.1455
2018-2026,BTC_10W_200D,0.2,SPY,0.1867,0.0412,0.1735,0.9118,-0.2728,-0.139,2022,7.5569,0.4123,0.1455
2018-2026,BTC_10W_200D,0.2,RF,0.0909,-0.0546,0.083,0.7499,-0.0903,-0.0529,2018,7.7859,0.4123,0.1455
2018-2026,BTC_10W_200D,0.2,LEVSPY,0.2029,0.0574,0.2338,0.7881,-0.2536,-0.1873,2022,7.4424,0.4123,0.1455
2018-2026,BTC_10W_200D,0.3,SPY,0.2035,0.058,0.1862,0.9371,-0.2535,-0.1336,2018,7.2134,0.4123,0.1455
2018-2026,BTC_10W_200D,0.3,RF,0.1176,-0.0279,0.1236,0.7329,-0.1421,-0.0909,2018,7.4424,0.4123,0.1455
2018-2026,BTC_10W_200D,0.3,LEVSPY,0.2239,0.0784,0.2346,0.8595,-0.2309,-0.1925,2018,7.3279,0.4123,0.1455
2018-2026,BTC_10W_200D,0.5,SPY,0.2384,0.0928,0.2363,0.9022,-0.2871,-0.1904,2018,6.8699,0.4123,0.1455
2018-2026,BTC_10W_200D,0.5,RF,0.1733,0.0278,0.2066,0.7389,-0.2471,-0.1646,2018,6.9844,0.4123,0.1455
2018-2026,BTC_10W_200D,0.5,LEVSPY,0.2534,0.1079,0.2613,0.8866,-0.2616,-0.2259,2018,6.8699,0.4123,0.1455
2018-2026,BTC_10W_200D,1.0,RF,0.267,0.1215,0.3943,0.7198,-0.4508,-0.336,2018,6.4119,0.4123,0.1455
2018-2026,BTC_BH_VT50,0.03,SPY,0.1525,0.007,0.1815,0.719,-0.3188,-0.1906,2022,5.7249,1.0,0.1455
2018-2026,BTC_BH_VT50,0.03,RF,0.0384,-0.1072,0.0157,0.6296,-0.0236,-0.0117,2022,5.8394,1.0,0.1455
2018-2026,BTC_BH_VT50,0.1,SPY,0.1686,0.0231,0.1867,0.7789,-0.321,-0.2244,2022,5.7249,1.0,0.1455
2018-2026,BTC_BH_VT50,0.1,RF,0.0614,-0.0841,0.0514,0.6409,-0.0849,-0.0658,2022,6.0684,1.0,0.1455
2018-2026,BTC_BH_VT50,0.2,SPY,0.1848,0.0392,0.2024,0.8021,-0.3241,-0.2716,2022,5.0379,1.0,0.1455
2018-2026,BTC_BH_VT50,0.2,RF,0.095,-0.0505,0.1031,0.6602,-0.1777,-0.1461,2022,6.0684,1.0,0.1455
2018-2026,BTC_BH_VT50,0.3,SPY,0.2067,0.0612,0.2277,0.8184,-0.3576,-0.324,2022,5.0379,1.0,0.1455
2018-2026,BTC_BH_VT50,0.3,RF,0.1226,-0.0229,0.1536,0.6472,-0.2587,-0.2165,2022,5.3814,1.0,0.1455
2018-2026,BTC_BH_VT50,0.5,SPY,0.231,0.0855,0.2935,0.7618,-0.4517,-0.3979,2022,4.2364,1.0,0.1455
2018-2026,BTC_BH_VT50,0.5,RF,0.1779,0.0324,0.2489,0.6694,-0.4051,-0.3474,2022,4.9234,1.0,0.1455
2018-2026,BTC_BH_VT50,1.0,RF,0.2396,0.0941,0.5022,0.6235,-0.6687,-0.5787,2022,3.206,1.0,0.1455
2018-2026,BTC_10W_VT50,0.03,SPY,0.1512,0.0056,0.1774,0.7248,-0.3109,-0.1813,2022,10.8774,0.5132,0.1455
2018-2026,BTC_10W_VT50,0.03,RF,0.0369,-0.1086,0.0116,0.7235,-0.0083,-0.0007,2022,11.1063,0.5132,0.1455
2018-2026,BTC_10W_VT50,0.1,SPY,0.1649,0.0194,0.1714,0.8132,-0.2944,-0.1939,2022,10.6484,0.5132,0.1455
2018-2026,BTC_10W_VT50,0.1,RF,0.0566,-0.0889,0.0378,0.7319,-0.0441,-0.0302,2022,10.9918,0.5132,0.1455
2018-2026,BTC_10W_VT50,0.2,SPY,0.1824,0.0369,0.1711,0.9015,-0.2708,-0.2119,2022,10.6484,0.5132,0.1455
2018-2026,BTC_10W_VT50,0.2,RF,0.0869,-0.0586,0.0772,0.7533,-0.0934,-0.078,2018,10.8774,0.5132,0.1455
2018-2026,BTC_10W_VT50,0.3,SPY,0.2005,0.055,0.1805,0.9475,-0.2495,-0.23,2022,10.3049,0.5132,0.1455
2018-2026,BTC_10W_VT50,0.3,RF,0.1132,-0.0323,0.1151,0.7442,-0.1443,-0.1264,2018,10.6484,0.5132,0.1455
2018-2026,BTC_10W_VT50,0.5,SPY,0.2257,0.0802,0.221,0.9035,-0.3005,-0.2665,2022,10.1904,0.5132,0.1455
2018-2026,BTC_10W_VT50,0.5,RF,0.1636,0.0181,0.1903,0.7422,-0.2334,-0.2172,2018,10.3049,0.5132,0.1455
2018-2026,BTC_10W_VT50,1.0,RF,0.252,0.1065,0.366,0.7159,-0.4286,-0.412,2018,9.6179,0.5132,0.1455
2018-2026,ETH_BH,0.03,SPY,0.1567,0.0112,0.1861,0.7254,-0.3209,-0.1944,2022,5.1524,1.0,0.1455
2018-2026,ETH_BH,0.03,RF,0.0451,-0.1004,0.0265,0.6206,-0.0365,-0.0112,2022,6.6409,1.0,0.1455
2018-2026,ETH_BH,0.1,SPY,0.1815,0.036,0.2085,0.7709,-0.3286,-0.2371,2022,5.3814,1.0,0.1455
2018-2026,ETH_BH,0.1,RF,0.082,-0.0635,0.0873,0.6241,-0.1609,-0.0893,2018,6.2974,1.0,0.1455
2018-2026,ETH_BH,0.2,SPY,0.2073,0.0618,0.2623,0.7446,-0.3882,-0.2948,2022,4.3509,1.0,0.1455
2018-2026,ETH_BH,0.2,RF,0.1161,-0.0294,0.1746,0.5546,-0.324,-0.2076,2018,4.6944,1.0,0.1455
2018-2026,ETH_BH,0.3,SPY,0.2449,0.0994,0.3267,0.7499,-0.5164,-0.3716,2018,3.7784,1.0,0.1455
2018-2026,ETH_BH,0.3,RF,0.1664,0.0209,0.2647,0.6061,-0.4792,-0.3471,2018,4.2364,1.0,0.1455
2018-2026,ETH_BH,0.5,SPY,0.2613,0.1158,0.4731,0.6692,-0.6904,-0.5608,2018,2.061,1.0,0.1455
2018-2026,ETH_BH,0.5,RF,0.2268,0.0812,0.4406,0.6169,-0.6744,-0.513,2018,2.8625,1.0,0.1455
2018-2026,ETH_BH,1.0,RF,0.1356,-0.01,0.8781,0.5495,-0.9233,-0.8434,2018,0.0,1.0,0.1455
2018-2026,ETH_10W,0.03,SPY,0.1553,0.0097,0.1814,0.7325,-0.3272,-0.1826,2022,9.5034,0.5219,0.1455
2018-2026,ETH_10W,0.03,RF,0.0419,-0.1036,0.0198,0.6632,-0.0202,-0.0024,2022,9.8469,0.5219,0.1455
2018-2026,ETH_10W,0.1,SPY,0.1775,0.032,0.1897,0.8093,-0.3485,-0.1983,2022,9.5034,0.5219,0.1455
2018-2026,ETH_10W,0.1,RF,0.0725,-0.073,0.0656,0.6695,-0.0731,-0.0358,2022,9.8469,0.5219,0.1455
2018-2026,ETH_10W,0.2,SPY,0.204,0.0585,0.2173,0.8353,-0.3702,-0.2208,2022,9.1599,0.5219,0.1455
2018-2026,ETH_10W,0.2,RF,0.1154,-0.0302,0.1308,0.684,-0.1462,-0.0822,2022,9.7324,0.5219,0.1455
2018-2026,ETH_10W,0.3,SPY,0.2355,0.09,0.2592,0.8388,-0.3968,-0.2434,2022,8.9309,0.5219,0.1455
2018-2026,ETH_10W,0.3,RF,0.1633,0.0177,0.1994,0.7157,-0.2435,-0.1272,2022,9.3889,0.5219,0.1455
2018-2026,ETH_10W,0.5,SPY,0.2759,0.1304,0.3692,0.7703,-0.4985,-0.2891,2022,8.2439,0.5219,0.1455
2018-2026,ETH_10W,0.5,RF,0.2007,0.0552,0.3399,0.6247,-0.4186,-0.213,2022,8.2439,0.5219,0.1455
2018-2026,ETH_10W,1.0,RF,0.2757,0.1302,0.6285,0.659,-0.7086,-0.4043,2022,7.5569,0.5219,0.1455
2018-2026,ETH_20W,0.03,SPY,0.1565,0.011,0.1811,0.7392,-0.3272,-0.1867,2022,6.2974,0.5132,0.1455
2018-2026,ETH_20W,0.03,RF,0.0428,-0.1027,0.0191,0.7323,-0.0205,-0.0073,2022,6.9844,0.5132,0.1455
2018-2026,ETH_20W,0.1,SPY,0.1804,0.0349,0.1883,0.8272,-0.3485,-0.2126,2022,6.0684,0.5132,0.1455
2018-2026,ETH_20W,0.1,RF,0.0741,-0.0714,0.0636,0.7126,-0.0733,-0.0524,2022,6.6409,0.5132,0.1455
2018-2026,ETH_20W,0.2,SPY,0.2108,0.0652,0.2138,0.8718,-0.3702,-0.2484,2022,5.7249,0.5132,0.1455
2018-2026,ETH_20W,0.2,RF,0.1188,-0.0268,0.1264,0.7277,-0.1662,-0.1138,2022,6.2974,0.5132,0.1455
2018-2026,ETH_20W,0.3,SPY,0.247,0.1015,0.2538,0.8879,-0.3968,-0.2832,2022,5.6104,0.5132,0.1455
2018-2026,ETH_20W,0.3,RF,0.1637,0.0182,0.1938,0.7329,-0.2345,-0.1722,2022,5.9539,0.5132,0.1455
2018-2026,ETH_20W,0.5,SPY,0.3006,0.1551,0.3598,0.8344,-0.4831,-0.3488,2022,5.2669,0.5132,0.1455
2018-2026,ETH_20W,0.5,RF,0.2288,0.0833,0.3274,0.7065,-0.3881,-0.2786,2022,5.3814,0.5132,0.1455
2018-2026,ETH_20W,1.0,RF,0.3293,0.1838,0.6122,0.7275,-0.6816,-0.5064,2022,4.3509,0.5132,0.1455
2018-2026,ETH_50D,0.03,SPY,0.1585,0.013,0.1801,0.7521,-0.3151,-0.1835,2022,10.6484,0.5022,0.1455
2018-2026,ETH_50D,0.03,RF,0.0446,-0.1009,0.0194,0.8109,-0.0152,-0.0032,2022,10.9918,0.5022,0.1455
2018-2026,ETH_50D,0.1,SPY,0.1882,0.0427,0.1853,0.8729,-0.3085,-0.2011,2022,10.6484,0.5022,0.1455
2018-2026,ETH_50D,0.1,RF,0.082,-0.0635,0.064,0.822,-0.0641,-0.0383,2022,10.9918,0.5022,0.1455
2018-2026,ETH_50D,0.2,SPY,0.2259,0.0804,0.2102,0.9409,-0.2992,-0.2263,2022,10.1904,0.5022,0.1455
2018-2026,ETH_50D,0.2,RF,0.1325,-0.013,0.1301,0.8041,-0.1301,-0.0873,2022,10.5339,0.5022,0.1455
2018-2026,ETH_50D,0.3,SPY,0.2668,0.1213,0.2496,0.9598,-0.2917,-0.2515,2022,10.0759,0.5022,0.1455
2018-2026,ETH_50D,0.3,RF,0.1813,0.0358,0.1965,0.8016,-0.2151,-0.1347,2022,10.3049,0.5022,0.1455
2018-2026,ETH_50D,0.5,SPY,0.3426,0.197,0.3501,0.9336,-0.3554,-0.3018,2022,9.3889,0.5022,0.1455
2018-2026,ETH_50D,0.5,RF,0.2839,0.1384,0.3247,0.8416,-0.344,-0.2251,2022,9.5034,0.5022,0.1455
2018-2026,ETH_50D,1.0,RF,0.4237,0.2781,0.6119,0.8275,-0.5822,-0.4261,2022,8.7019,0.5022,0.1455
2018-2026,ETH_200D,0.03,SPY,0.1539,0.0084,0.1815,0.7257,-0.3257,-0.18,2022,5.0379,0.5197,0.1455
2018-2026,ETH_200D,0.03,RF,0.0407,-0.1048,0.0193,0.6206,-0.0199,0.0005,2022,5.7249,0.5197,0.1455
2018-2026,ETH_200D,0.1,SPY,0.1711,0.0256,0.1898,0.7804,-0.3439,-0.1898,2022,4.9234,0.5197,0.1455
2018-2026,ETH_200D,0.1,RF,0.0654,-0.0801,0.0642,0.5793,-0.0723,-0.0264,2022,5.2669,0.5197,0.1455
2018-2026,ETH_200D,0.2,SPY,0.1876,0.0421,0.2176,0.7714,-0.3702,-0.2013,2022,4.4654,0.5197,0.1455
2018-2026,ETH_200D,0.2,RF,0.0956,-0.0499,0.1288,0.5538,-0.1552,-0.0763,2018,5.0379,0.5197,0.1455
2018-2026,ETH_200D,0.3,SPY,0.2071,0.0616,0.2581,0.7514,-0.3907,-0.228,2022,4.2364,0.5197,0.1455
2018-2026,ETH_200D,0.3,RF,0.1322,-0.0133,0.1966,0.5858,-0.2544,-0.1423,2018,4.5799,0.5197,0.1455
2018-2026,ETH_200D,0.5,SPY,0.2478,0.1022,0.3636,0.7157,-0.5352,-0.2725,2018,4.0074,0.5197,0.1455
2018-2026,ETH_200D,0.5,RF,0.176,0.0304,0.3307,0.5698,-0.4637,-0.2468,2018,4.0074,0.5197,0.1455
2018-2026,ETH_200D,1.0,RF,0.1898,0.0443,0.629,0.552,-0.7883,-0.483,2018,2.977,0.5197,0.1455
2018-2026,ROT_MOM_10W,0.03,SPY,0.1522,0.0067,0.1812,0.7186,-0.3272,-0.184,2022,13.3963,0.6031,0.1455
2018-2026,ROT_MOM_10W,0.03,RF,0.0391,-0.1064,0.0192,0.546,-0.0211,-0.0036,2022,13.8543,0.6031,0.1455
2018-2026,ROT_MOM_10W,0.1,SPY,0.1666,0.0211,0.1886,0.7637,-0.3485,-0.2026,2022,13.2818,0.6031,0.1455
2018-2026,ROT_MOM_10W,0.1,RF,0.0629,-0.0826,0.064,0.5456,-0.1164,-0.0638,2018,13.6253,0.6031,0.1455
2018-2026,ROT_MOM_10W,0.2,SPY,0.1825,0.037,0.215,0.7589,-0.3783,-0.2294,2022,13.1673,0.6031,0.1455
2018-2026,ROT_MOM_10W,0.2,RF,0.0941,-0.0514,0.1276,0.5476,-0.2404,-0.1484,2018,13.5108,0.6031,0.1455
2018-2026,ROT_MOM_10W,0.3,SPY,0.1987,0.0532,0.2547,0.7311,-0.4231,-0.2839,2018,12.9383,0.6031,0.1455
2018-2026,ROT_MOM_10W,0.3,RF,0.1192,-0.0263,0.1944,0.5313,-0.3661,-0.2482,2018,12.9383,0.6031,0.1455
2018-2026,ROT_MOM_10W,0.5,SPY,0.2057,0.0601,0.3564,0.627,-0.5675,-0.4131,2018,12.1368,0.6031,0.1455
2018-2026,ROT_MOM_10W,0.5,RF,0.1515,0.006,0.3252,0.5097,-0.5429,-0.3939,2018,12.2513,0.6031,0.1455
2018-2026,ROT_MOM_10W,1.0,RF,0.15,0.0045,0.623,0.4954,-0.8199,-0.6579,2018,11.6788,0.6031,0.1455
2018-2026,ROT_ETHBTC_10W,0.03,SPY,0.1514,0.0059,0.1814,0.714,-0.3272,-0.1824,2022,13.7398,0.6031,0.1455
2018-2026,ROT_ETHBTC_10W,0.03,RF,0.0386,-0.1069,0.0191,0.5208,-0.0202,-0.0017,2022,13.9688,0.6031,0.1455
2018-2026,ROT_ETHBTC_10W,0.1,SPY,0.1653,0.0197,0.1886,0.7578,-0.3439,-0.1975,2022,13.7398,0.6031,0.1455
2018-2026,ROT_ETHBTC_10W,0.1,RF,0.0608,-0.0847,0.0634,0.5186,-0.1063,-0.0531,2018,13.9688,0.6031,0.1455
2018-2026,ROT_ETHBTC_10W,0.2,SPY,0.1782,0.0327,0.2148,0.742,-0.3702,-0.2195,2022,13.6253,0.6031,0.1455
2018-2026,ROT_ETHBTC_10W,0.2,RF,0.0907,-0.0548,0.1269,0.5254,-0.2228,-0.1287,2018,13.8543,0.6031,0.1455
2018-2026,ROT_ETHBTC_10W,0.3,SPY,0.1913,0.0458,0.2543,0.7071,-0.3968,-0.2582,2018,13.5108,0.6031,0.1455
2018-2026,ROT_ETHBTC_10W,0.3,RF,0.1127,-0.0328,0.1933,0.503,-0.3437,-0.2217,2018,13.6253,0.6031,0.1455
2018-2026,ROT_ETHBTC_10W,0.5,SPY,0.2042,0.0587,0.355,0.6253,-0.5363,-0.377,2018,12.9383,0.6031,0.1455
2018-2026,ROT_ETHBTC_10W,0.5,RF,0.1499,0.0044,0.3248,0.5058,-0.5151,-0.3571,2018,13.0528,0.6031,0.1455
2018-2026,ROT_ETHBTC_10W,1.0,RF,0.1406,-0.005,0.6179,0.4819,-0.7789,-0.6127,2018,12.4803,0.6031,0.1455
2018-2026,HALF_10W,0.03,SPY,0.1537,0.0082,0.1793,0.7313,-0.3187,-0.1828,2022,15.8008,0.6031,0.1455
2018-2026,HALF_10W,0.03,RF,0.0396,-0.1059,0.0146,0.7459,-0.0118,-0.0023,2022,15.9153,0.6031,0.1455
2018-2026,HALF_10W,0.1,SPY,0.1721,0.0266,0.1793,0.8196,-0.3207,-0.1988,2022,15.6863,0.6031,0.1455
2018-2026,HALF_10W,0.1,RF,0.0647,-0.0808,0.0484,0.7367,-0.0631,-0.04,2018,15.8008,0.6031,0.1455
2018-2026,HALF_10W,0.2,SPY,0.1953,0.0498,0.1902,0.8867,-0.3236,-0.2218,2022,15.4573,0.6031,0.1455
2018-2026,HALF_10W,0.2,RF,0.1008,-0.0447,0.0968,0.7485,-0.145,-0.1018,2018,15.8008,0.6031,0.1455
2018-2026,HALF_10W,0.3,SPY,0.2211,0.0756,0.2116,0.9177,-0.3259,-0.2449,2022,15.3428,0.6031,0.1455
2018-2026,HALF_10W,0.3,RF,0.1352,-0.0103,0.1456,0.7496,-0.2203,-0.1603,2018,15.5718,0.6031,0.1455
2018-2026,HALF_10W,0.5,SPY,0.2579,0.1124,0.2767,0.8657,-0.3715,-0.2919,2018,14.6558,0.6031,0.1455
2018-2026,HALF_10W,0.5,RF,0.1969,0.0513,0.2449,0.7396,-0.3532,-0.2679,2018,14.6558,0.6031,0.1455
2018-2026,HALF_10W,1.0,RF,0.3134,0.1679,0.4723,0.749,-0.601,-0.4884,2018,13.7398,0.6031,0.1455
2018-2026,BTC2X_BH,0.03,SPY,0.1599,0.0144,0.1901,0.7288,-0.3227,-0.2224,2022,9.3889,1.0,0.1455
2018-2026,BTC2X_BH,0.03,RF,0.0476,-0.0979,0.0391,0.4926,-0.0651,-0.0471,2022,10.3049,1.0,0.1455
2018-2026,BTC2X_BH,0.1,SPY,0.1974,0.0518,0.2357,0.765,-0.3601,-0.3144,2022,8.5874,1.0,0.1455
2018-2026,BTC2X_BH,0.1,RF,0.0914,-0.0541,0.1318,0.5163,-0.224,-0.1761,2022,9.0454,1.0,0.1455
2018-2026,BTC2X_BH,0.2,SPY,0.2413,0.0957,0.3348,0.7305,-0.4873,-0.438,2022,8.1294,1.0,0.1455
2018-2026,BTC2X_BH,0.2,RF,0.1428,-0.0027,0.2637,0.5298,-0.3984,-0.3321,2018,8.5874,1.0,0.1455
2018-2026,BTC2X_BH,0.3,SPY,0.2454,0.0999,0.4462,0.6527,-0.6301,-0.5722,2022,6.7554,1.0,0.1455
2018-2026,BTC2X_BH,0.3,RF,0.1933,0.0478,0.3937,0.5703,-0.5204,-0.4594,2018,7.3279,1.0,0.1455
2018-2026,BTC2X_BH,0.5,SPY,0.2355,0.0899,0.6853,0.6081,-0.7667,-0.7352,2018,4.1219,1.0,0.1455
2018-2026,BTC2X_BH,0.5,RF,0.1957,0.0502,0.6558,0.5499,-0.7608,-0.7241,2018,4.1219,1.0,0.1455
2018-2026,BTC2X_BH,1.0,RF,-0.1855,-0.331,1.3137,0.5045,-0.9871,-0.9689,2018,0.0,1.0,0.1455
2018-2026,BTC2X_10W,0.03,SPY,0.1578,0.0123,0.1809,0.746,-0.3135,-0.1945,2022,11.6788,0.5132,0.1455
2018-2026,BTC2X_10W,0.03,RF,0.0442,-0.1014,0.0273,0.567,-0.0404,-0.0305,2018,12.5948,0.5132,0.1455
2018-2026,BTC2X_10W,0.03,LEVSPY,0.1765,0.0309,0.2573,0.6521,-0.3288,-0.2507,2022,11.6788,0.5132,0.1455
2018-2026,BTC2X_10W,0.1,SPY,0.1858,0.0403,0.1966,0.8231,-0.3033,-0.2373,2022,11.4498,0.5132,0.1455
2018-2026,BTC2X_10W,0.1,RF,0.0786,-0.0669,0.0928,0.5584,-0.1639,-0.1509,2018,11.7933,0.5132,0.1455
2018-2026,BTC2X_10W,0.1,LEVSPY,0.2055,0.0599,0.2645,0.7333,-0.3609,-0.2917,2022,11.4498,0.5132,0.1455
2018-2026,BTC2X_10W,0.2,SPY,0.2193,0.0737,0.2484,0.8083,-0.3788,-0.3376,2018,11.3353,0.5132,0.1455
2018-2026,BTC2X_10W,0.2,RF,0.1174,-0.0281,0.186,0.5367,-0.317,-0.3012,2018,11.4498,0.5132,0.1455
2018-2026,BTC2X_10W,0.2,LEVSPY,0.2393,0.0938,0.3,0.7711,-0.4199,-0.3882,2018,11.3353,0.5132,0.1455
2018-2026,BTC2X_10W,0.3,SPY,0.2519,0.1063,0.3198,0.7712,-0.4872,-0.4527,2018,11.1063,0.5132,0.1455
2018-2026,BTC2X_10W,0.3,RF,0.1622,0.0167,0.2798,0.5726,-0.4457,-0.4287,2018,11.2208,0.5132,0.1455
2018-2026,BTC2X_10W,0.3,LEVSPY,0.2716,0.1261,0.3546,0.7735,-0.5118,-0.4864,2018,10.9918,0.5132,0.1455
2018-2026,BTC2X_10W,0.5,SPY,0.2756,0.1301,0.4905,0.6744,-0.6499,-0.6257,2018,9.8469,0.5132,0.1455
2018-2026,BTC2X_10W,0.5,RF,0.2244,0.0789,0.4746,0.5936,-0.634,-0.6173,2018,10.0759,0.5132,0.1455
2018-2026,BTC2X_10W,0.5,LEVSPY,0.2954,0.1499,0.5066,0.6994,-0.6583,-0.638,2018,9.9614,0.5132,0.1455
2018-2026,BTC2X_10W,1.0,RF,0.1596,0.0141,0.9006,0.5609,-0.8986,-0.8902,2018,8.7019,0.5132,0.1455
2018-2026,BTC2X_20W,0.03,SPY,0.1581,0.0126,0.1813,0.7462,-0.3183,-0.1863,2022,8.1294,0.5351,0.1455
2018-2026,BTC2X_20W,0.03,RF,0.0431,-0.1024,0.028,0.5187,-0.0427,-0.0288,2018,8.3584,0.5351,0.1455
2018-2026,BTC2X_20W,0.1,SPY,0.1865,0.041,0.1986,0.8198,-0.323,-0.2108,2022,7.6714,0.5351,0.1455
2018-2026,BTC2X_20W,0.1,RF,0.0736,-0.0719,0.0952,0.4982,-0.1615,-0.1465,2018,7.6714,0.5351,0.1455
2018-2026,BTC2X_20W,0.2,SPY,0.2173,0.0718,0.2534,0.7917,-0.3758,-0.3343,2018,7.5569,0.5351,0.1455
2018-2026,BTC2X_20W,0.2,RF,0.1157,-0.0299,0.1931,0.5159,-0.3127,-0.2952,2018,7.3279,0.5351,0.1455
2018-2026,BTC2X_20W,0.3,SPY,0.2437,0.0982,0.3314,0.7365,-0.4851,-0.4504,2018,6.8699,0.5351,0.1455
2018-2026,BTC2X_20W,0.3,RF,0.156,0.0104,0.2893,0.5445,-0.4418,-0.4233,2018,7.2134,0.5351,0.1455
2018-2026,BTC2X_20W,0.5,SPY,0.2413,0.0958,0.5038,0.6191,-0.6666,-0.6435,2018,5.8394,0.5351,0.1455
2018-2026,BTC2X_20W,0.5,RF,0.2041,0.0586,0.4839,0.56,-0.6501,-0.6333,2018,6.1829,0.5351,0.1455
2018-2026,BTC2X_20W,1.0,RF,0.0961,-0.0495,0.9406,0.5271,-0.9128,-0.9053,2018,4.5799,0.5351,0.1455
2018-2026,BTC2X_10W_200D,0.03,SPY,0.157,0.0115,0.18,0.7452,-0.3135,-0.1704,2022,8.8164,0.4123,0.1455
2018-2026,BTC2X_10W_200D,0.03,RF,0.0432,-0.1023,0.0243,0.5991,-0.026,-0.0008,2018,9.5034,0.4123,0.1455
2018-2026,BTC2X_10W_200D,0.1,SPY,0.1841,0.0386,0.1907,0.8349,-0.3033,-0.1575,2022,8.5874,0.4123,0.1455
2018-2026,BTC2X_10W_200D,0.1,RF,0.0759,-0.0696,0.0828,0.5853,-0.09,-0.0598,2018,8.9309,0.4123,0.1455
2018-2026,BTC2X_10W_200D,0.2,SPY,0.2184,0.0729,0.2318,0.8462,-0.3101,-0.1864,2018,8.5874,0.4123,0.1455
2018-2026,BTC2X_10W_200D,0.2,RF,0.1181,-0.0275,0.1676,0.58,-0.1956,-0.14,2018,8.5874,0.4123,0.1455
2018-2026,BTC2X_10W_200D,0.3,SPY,0.2572,0.1117,0.2944,0.826,-0.3548,-0.2507,2018,8.2439,0.4123,0.1455
2018-2026,BTC2X_10W_200D,0.3,RF,0.1659,0.0204,0.2525,0.6183,-0.2923,-0.2156,2018,8.3584,0.4123,0.1455
2018-2026,BTC2X_10W_200D,0.5,SPY,0.2985,0.153,0.4396,0.7401,-0.449,-0.3541,2018,7.4424,0.4123,0.1455
2018-2026,BTC2X_10W_200D,0.5,RF,0.2454,0.0999,0.4243,0.6516,-0.4583,-0.3373,2018,7.6714,0.4123,0.1455
2018-2026,BTC2X_10W_200D,1.0,RF,0.2574,0.1119,0.8072,0.626,-0.7456,-0.6264,2018,6.4119,0.4123,0.1455
2018-2026,BTC_10W_VT80_L2,0.03,SPY,0.1569,0.0114,0.1793,0.7469,-0.3125,-0.1883,2022,19.2357,0.5132,0.1455
2018-2026,BTC_10W_VT80_L2,0.03,RF,0.0425,-0.103,0.0203,0.6788,-0.0182,-0.0089,2022,19.6937,0.5132,0.1455
2018-2026,BTC_10W_VT80_L2,0.1,SPY,0.1824,0.0369,0.1838,0.8516,-0.3,-0.2168,2022,19.2357,0.5132,0.1455
2018-2026,BTC_10W_VT80_L2,0.1,RF,0.0735,-0.072,0.0673,0.6695,-0.0763,-0.0573,2018,19.4647,0.5132,0.1455
2018-2026,BTC_10W_VT80_L2,0.2,SPY,0.2148,0.0693,0.2092,0.9008,-0.2822,-0.2571,2022,19.0067,0.5132,0.1455
2018-2026,BTC_10W_VT80_L2,0.2,RF,0.1166,-0.0289,0.1343,0.678,-0.155,-0.1346,2018,19.4647,0.5132,0.1455
2018-2026,BTC_10W_VT80_L2,0.3,SPY,0.2426,0.0971,0.2503,0.8801,-0.3264,-0.2967,2022,19.0067,0.5132,0.1455
2018-2026,BTC_10W_VT80_L2,0.3,RF,0.155,0.0095,0.2005,0.6766,-0.2346,-0.207,2018,19.1212,0.5132,0.1455
2018-2026,BTC_10W_VT80_L2,0.5,SPY,0.2852,0.1397,0.3549,0.8013,-0.421,-0.3738,2022,18.7777,0.5132,0.1455
2018-2026,BTC_10W_VT80_L2,0.5,RF,0.2238,0.0783,0.3325,0.6834,-0.3804,-0.3376,2018,18.7777,0.5132,0.1455
2018-2026,BTC_10W_VT80_L2,1.0,RF,0.2968,0.1513,0.6542,0.6669,-0.6656,-0.5923,2018,18.6632,0.5132,0.1455
2018-2026,HALVING_18M,0.03,SPY,0.1523,0.0068,0.1785,0.7267,-0.3098,-0.1704,2022,1.4885,0.3487,0.1455
2018-2026,HALVING_18M,0.03,RF,0.0381,-0.1075,0.0111,0.8437,-0.0192,0.0121,2022,1.7175,0.3487,0.1455
2018-2026,HALVING_18M,0.1,SPY,0.1678,0.0222,0.1748,0.8147,-0.2905,-0.1573,2022,1.4885,0.3487,0.1455
2018-2026,HALVING_18M,0.1,RF,0.061,-0.0845,0.0366,0.8663,-0.061,0.0094,2018,1.7175,0.3487,0.1455
2018-2026,HALVING_18M,0.2,SPY,0.1896,0.0441,0.1767,0.9121,-0.2622,-0.1387,2022,1.374,0.3487,0.1455
2018-2026,HALVING_18M,0.2,RF,0.0928,-0.0528,0.0724,0.8713,-0.1172,-0.0065,2018,1.4885,0.3487,0.1455
2018-2026,HALVING_18M,0.3,SPY,0.2131,0.0675,0.1868,0.9768,-0.2329,-0.12,2022,1.2595,0.3487,0.1455
2018-2026,HALVING_18M,0.3,RF,0.1267,-0.0189,0.1101,0.8811,-0.1741,-0.0224,2018,1.374,0.3487,0.1455
2018-2026,HALVING_18M,0.5,SPY,0.2471,0.1016,0.2225,0.9769,-0.2622,-0.0864,2018,0.8015,0.3487,0.1455
2018-2026,HALVING_18M,0.5,RF,0.2008,0.0553,0.1884,0.9146,-0.2606,-0.0541,2018,1.2595,0.3487,0.1455
2018-2026,HALVING_18M,1.0,RF,0.3248,0.1793,0.3577,0.8849,-0.4926,-0.1333,2018,0.5725,0.3487,0.1455
2018-2026,NONE,0.0,SPY,0.1455,-0.0,0.1812,0.6861,-0.3179,-0.176,2022,0.0,1.0,0.1455
2018-2026,NONE,0.0,LEVSPY,0.1633,0.0178,0.2593,0.6056,-0.3188,-0.2353,2022,0.0,1.0,0.1455
2021-2026,BTC_BH,0.03,SPY,0.154,0.0055,0.1664,0.7475,-0.2453,-0.1944,2022,2.6189,1.0,0.1485
2021-2026,BTC_BH,0.03,RF,0.0422,-0.1063,0.0173,0.507,-0.0288,-0.0151,2022,3.3173,1.0,0.1485
2021-2026,BTC_BH,0.03,LEVSPY,0.2021,0.0535,0.2275,0.7795,-0.3218,-0.251,2022,3.1427,1.0,0.1485
2021-2026,BTC_BH,0.1,SPY,0.1673,0.0188,0.1783,0.7737,-0.2836,-0.2365,2022,2.4443,1.0,0.1485
2021-2026,BTC_BH,0.1,RF,0.0628,-0.0857,0.057,0.5218,-0.1015,-0.0786,2022,3.1427,1.0,0.1485
2021-2026,BTC_BH,0.1,LEVSPY,0.215,0.0665,0.2316,0.8166,-0.3318,-0.2866,2022,2.9681,1.0,0.1485
2021-2026,BTC_BH,0.2,SPY,0.183,0.0344,0.2068,0.7582,-0.3439,-0.2946,2022,2.0951,1.0,0.1485
2021-2026,BTC_BH,0.2,RF,0.0875,-0.061,0.1135,0.5058,-0.2024,-0.1505,2022,2.2697,1.0,0.1485
2021-2026,BTC_BH,0.2,LEVSPY,0.2213,0.0727,0.2464,0.8027,-0.3664,-0.3364,2022,2.2697,1.0,0.1485
2021-2026,BTC_BH,0.3,SPY,0.1888,0.0403,0.242,0.701,-0.4002,-0.3533,2022,1.5713,1.0,0.1485
2021-2026,BTC_BH,0.3,RF,0.1081,-0.0404,0.1727,0.4901,-0.3192,-0.2502,2022,1.7459,1.0,0.1485
2021-2026,BTC_BH,0.3,LEVSPY,0.2295,0.081,0.2718,0.7765,-0.4204,-0.3852,2022,1.7459,1.0,0.1485
2021-2026,BTC_BH,0.5,SPY,0.2088,0.0602,0.3356,0.6352,-0.5348,-0.4646,2022,1.0476,1.0,0.1485
2021-2026,BTC_BH,0.5,RF,0.175,0.0265,0.2942,0.5821,-0.4635,-0.3821,2022,1.5713,1.0,0.1485
2021-2026,BTC_BH,0.5,LEVSPY,0.2203,0.0718,0.3427,0.6573,-0.5394,-0.4776,2022,0.6984,1.0,0.1485
2021-2026,BTC_BH,1.0,RF,0.1806,0.0321,0.5687,0.5163,-0.7537,-0.6744,2022,0.0,1.0,0.1485
2021-2026,BTC_10W,0.03,SPY,0.1512,0.0027,0.1614,0.7507,-0.2344,-0.1835,2022,9.6027,0.5284,0.1485
2021-2026,BTC_10W,0.03,RF,0.0395,-0.109,0.0132,0.4576,-0.0125,-0.0034,2022,10.1264,0.5284,0.1485
2021-2026,BTC_10W,0.03,LEVSPY,0.1989,0.0503,0.2243,0.7754,-0.3196,-0.2403,2022,9.6027,0.5284,0.1485
2021-2026,BTC_10W,0.1,SPY,0.1569,0.0084,0.1605,0.7845,-0.2375,-0.2012,2022,9.6027,0.5284,0.1485
2021-2026,BTC_10W,0.1,RF,0.0532,-0.0953,0.0431,0.4615,-0.0575,-0.0388,2022,9.9518,0.5284,0.1485
2021-2026,BTC_10W,0.1,LEVSPY,0.2011,0.0526,0.219,0.7973,-0.3219,-0.2523,2022,9.2535,0.5284,0.1485
2021-2026,BTC_10W,0.2,SPY,0.162,0.0135,0.1692,0.7784,-0.2543,-0.2262,2022,9.2535,0.5284,0.1485
2021-2026,BTC_10W,0.2,RF,0.0727,-0.0759,0.0873,0.4695,-0.1188,-0.0878,2022,9.6027,0.5284,0.1485
2021-2026,BTC_10W,0.2,LEVSPY,0.2027,0.0542,0.2187,0.8043,-0.3293,-0.2696,2022,9.2535,0.5284,0.1485
2021-2026,BTC_10W,0.3,SPY,0.1673,0.0188,0.1873,0.7442,-0.2794,-0.251,2022,9.0789,0.5284,0.1485
2021-2026,BTC_10W,0.3,RF,0.0865,-0.062,0.1308,0.4469,-0.1787,-0.135,2022,9.0789,0.5284,0.1485
2021-2026,BTC_10W,0.3,LEVSPY,0.2024,0.0539,0.2266,0.7823,-0.3452,-0.2874,2022,9.0789,0.5284,0.1485
2021-2026,BTC_10W,0.5,SPY,0.1758,0.0273,0.2468,0.645,-0.346,-0.3002,2022,8.7297,0.5284,0.1485
2021-2026,BTC_10W,0.5,RF,0.115,-0.0335,0.2177,0.4558,-0.2836,-0.2243,2022,8.7297,0.5284,0.1485
2021-2026,BTC_10W,0.5,LEVSPY,0.1973,0.0487,0.2676,0.6831,-0.3779,-0.3238,2022,8.5551,0.5284,0.1485
2021-2026,BTC_10W,1.0,RF,0.1426,-0.006,0.4142,0.4453,-0.4978,-0.4188,2022,8.3805,0.5284,0.1485
2021-2026,BTC_20W,0.03,SPY,0.1518,0.0033,0.1613,0.7541,-0.2296,-0.1786,2022,6.1108,0.5585,0.1485
2021-2026,BTC_20W,0.03,RF,0.0403,-0.1082,0.0135,0.5095,-0.0124,0.002,2022,6.46,0.5585,0.1485
2021-2026,BTC_20W,0.1,SPY,0.1589,0.0104,0.1603,0.796,-0.2305,-0.1849,2022,6.1108,0.5585,0.1485
2021-2026,BTC_20W,0.1,RF,0.0547,-0.0938,0.0443,0.4817,-0.0527,-0.0213,2022,6.2854,0.5585,0.1485
2021-2026,BTC_20W,0.2,SPY,0.1658,0.0173,0.1694,0.7972,-0.2508,-0.1946,2022,5.7616,0.5585,0.1485
2021-2026,BTC_20W,0.2,RF,0.0755,-0.073,0.0875,0.4994,-0.1091,-0.054,2022,6.1108,0.5585,0.1485
2021-2026,BTC_20W,0.3,SPY,0.1673,0.0188,0.1882,0.7418,-0.2757,-0.2051,2022,5.4124,0.5585,0.1485
2021-2026,BTC_20W,0.3,RF,0.0875,-0.061,0.1323,0.451,-0.1794,-0.0863,2022,5.587,0.5585,0.1485
2021-2026,BTC_20W,0.5,SPY,0.1803,0.0318,0.2475,0.6596,-0.3399,-0.228,2022,5.2378,0.5585,0.1485
2021-2026,BTC_20W,0.5,RF,0.119,-0.0295,0.2206,0.4694,-0.282,-0.1491,2022,5.2378,0.5585,0.1485
2021-2026,BTC_20W,1.0,RF,0.1626,0.0141,0.4171,0.487,-0.483,-0.2968,2022,4.8886,0.5585,0.1485
2021-2026,BTC_50D,0.03,SPY,0.153,0.0045,0.1611,0.7611,-0.2283,-0.1772,2022,10.6502,0.5151,0.1485
2021-2026,BTC_50D,0.03,RF,0.041,-0.1075,0.0128,0.586,-0.0086,0.0039,2022,10.9994,0.5151,0.1485
2021-2026,BTC_50D,0.1,SPY,0.1628,0.0143,0.1593,0.8208,-0.217,-0.1801,2022,10.6502,0.5151,0.1485
2021-2026,BTC_50D,0.1,RF,0.0578,-0.0907,0.0417,0.5778,-0.0343,-0.0151,2022,10.8248,0.5151,0.1485
2021-2026,BTC_50D,0.2,SPY,0.1763,0.0278,0.1665,0.8617,-0.2099,-0.1849,2022,10.301,0.5151,0.1485
2021-2026,BTC_50D,0.2,RF,0.0819,-0.0666,0.0837,0.5888,-0.0795,-0.0419,2022,10.6502,0.5151,0.1485
2021-2026,BTC_50D,0.3,SPY,0.1872,0.0387,0.1832,0.8492,-0.2152,-0.1903,2022,10.1264,0.5151,0.1485
2021-2026,BTC_50D,0.3,RF,0.1053,-0.0432,0.1261,0.5951,-0.1254,-0.0684,2022,10.301,0.5151,0.1485
2021-2026,BTC_50D,0.5,SPY,0.2021,0.0536,0.2365,0.7566,-0.2458,-0.2028,2022,9.6027,0.5151,0.1485
2021-2026,BTC_50D,0.5,RF,0.1442,-0.0043,0.2102,0.5877,-0.2213,-0.1203,2022,9.6027,0.5151,0.1485
2021-2026,BTC_50D,1.0,RF,0.2077,0.0592,0.4004,0.5855,-0.411,-0.2444,2022,9.4281,0.5151,0.1485
2021-2026,BTC_200D,0.03,SPY,0.1514,0.0029,0.1616,0.7509,-0.226,-0.1724,2022,5.2378,0.5518,0.1485
2021-2026,BTC_200D,0.03,RF,0.0401,-0.1084,0.0135,0.4966,-0.0158,0.0085,2021,5.587,0.5518,0.1485
2021-2026,BTC_200D,0.1,SPY,0.1577,0.0092,0.1612,0.7861,-0.2329,-0.1643,2022,5.2378,0.5518,0.1485
2021-2026,BTC_200D,0.1,RF,0.0553,-0.0932,0.0436,0.5026,-0.0513,0.0033,2022,5.587,0.5518,0.1485
2021-2026,BTC_200D,0.2,SPY,0.1661,0.0176,0.1702,0.796,-0.2462,-0.1529,2022,5.0632,0.5518,0.1485
2021-2026,BTC_200D,0.2,RF,0.0765,-0.072,0.0862,0.5165,-0.0979,-0.0055,2022,5.4124,0.5518,0.1485
2021-2026,BTC_200D,0.3,SPY,0.1659,0.0174,0.1894,0.7323,-0.2597,-0.142,2022,4.714,0.5518,0.1485
2021-2026,BTC_200D,0.3,RF,0.0889,-0.0597,0.1312,0.4634,-0.1796,-0.0143,2022,5.0632,0.5518,0.1485
2021-2026,BTC_200D,0.5,SPY,0.1803,0.0317,0.2471,0.6603,-0.2945,-0.1212,2022,4.5394,0.5518,0.1485
2021-2026,BTC_200D,0.5,RF,0.1167,-0.0318,0.2189,0.4619,-0.2702,-0.0319,2022,4.5394,0.5518,0.1485
2021-2026,BTC_200D,1.0,RF,0.1601,0.0116,0.4132,0.4819,-0.4898,-0.0758,2022,4.1902,0.5518,0.1485
2021-2026,BTC_10W_200D,0.03,SPY,0.1521,0.0036,0.1609,0.7571,-0.2262,-0.1704,2022,7.3329,0.4381,0.1485
2021-2026,BTC_10W_200D,0.03,RF,0.0405,-0.108,0.0124,0.5707,-0.0125,0.0121,2022,7.5075,0.4381,0.1485
2021-2026,BTC_10W_200D,0.03,LEVSPY,0.1997,0.0512,0.224,0.7797,-0.3087,-0.2281,2022,7.3329,0.4381,0.1485
2021-2026,BTC_10W_200D,0.1,SPY,0.16,0.0115,0.1583,0.8098,-0.21,-0.1575,2022,7.3329,0.4381,0.1485
2021-2026,BTC_10W_200D,0.1,RF,0.0566,-0.0919,0.0399,0.5757,-0.0412,0.0121,2022,7.5075,0.4381,0.1485
2021-2026,BTC_10W_200D,0.1,LEVSPY,0.2056,0.0571,0.2173,0.8193,-0.2848,-0.2113,2022,7.1583,0.4381,0.1485
2021-2026,BTC_10W_200D,0.2,SPY,0.1717,0.0232,0.1633,0.8519,-0.1998,-0.139,2022,7.1583,0.4381,0.1485
2021-2026,BTC_10W_200D,0.2,RF,0.0802,-0.0683,0.0792,0.5983,-0.0903,0.0121,2022,7.5075,0.4381,0.1485
2021-2026,BTC_10W_200D,0.2,LEVSPY,0.211,0.0624,0.2137,0.8501,-0.2536,-0.1873,2022,6.9837,0.4381,0.1485
2021-2026,BTC_10W_200D,0.3,SPY,0.178,0.0295,0.1773,0.8275,-0.19,-0.1204,2022,6.8092,0.4381,0.1485
2021-2026,BTC_10W_200D,0.3,RF,0.0982,-0.0503,0.1182,0.5728,-0.1421,0.0055,2025,6.9837,0.4381,0.1485
2021-2026,BTC_10W_200D,0.3,LEVSPY,0.219,0.0705,0.2191,0.8642,-0.2309,-0.163,2022,6.9837,0.4381,0.1485
2021-2026,BTC_10W_200D,0.5,SPY,0.1972,0.0487,0.2274,0.7595,-0.2292,-0.0829,2022,6.6346,0.4381,0.1485
2021-2026,BTC_10W_200D,0.5,RF,0.1364,-0.0121,0.1977,0.5775,-0.2471,-0.0257,2025,6.6346,0.4381,0.1485
2021-2026,BTC_10W_200D,0.5,LEVSPY,0.2216,0.0731,0.2495,0.7947,-0.2394,-0.1139,2022,6.46,0.4381,0.1485
2021-2026,BTC_10W_200D,1.0,RF,0.1955,0.047,0.3772,0.5694,-0.4508,-0.101,2025,6.2854,0.4381,0.1485
2021-2026,BTC_BH_VT50,0.03,SPY,0.1522,0.0037,0.1654,0.742,-0.2415,-0.1906,2022,3.3173,1.0,0.1485
2021-2026,BTC_BH_VT50,0.03,RF,0.0411,-0.1074,0.0153,0.5068,-0.0236,-0.0117,2022,4.1902,1.0,0.1485
2021-2026,BTC_BH_VT50,0.1,SPY,0.1611,0.0125,0.1736,0.7592,-0.2669,-0.2244,2022,3.3173,1.0,0.1485
2021-2026,BTC_BH_VT50,0.1,RF,0.0583,-0.0902,0.0492,0.5107,-0.0849,-0.0658,2022,4.1902,1.0,0.1485
2021-2026,BTC_BH_VT50,0.2,SPY,0.1698,0.0213,0.1927,0.7414,-0.3128,-0.2716,2022,2.9681,1.0,0.1485
2021-2026,BTC_BH_VT50,0.2,RF,0.0858,-0.0628,0.099,0.5493,-0.1777,-0.1461,2022,4.1902,1.0,0.1485
2021-2026,BTC_BH_VT50,0.3,SPY,0.1857,0.0372,0.221,0.7342,-0.3576,-0.324,2022,3.1427,1.0,0.1485
2021-2026,BTC_BH_VT50,0.3,RF,0.1022,-0.0463,0.1469,0.5124,-0.2587,-0.2165,2022,3.1427,1.0,0.1485
2021-2026,BTC_BH_VT50,0.5,SPY,0.1973,0.0488,0.2864,0.6578,-0.4517,-0.3979,2022,2.6189,1.0,0.1485
2021-2026,BTC_BH_VT50,0.5,RF,0.1422,-0.0063,0.2391,0.5375,-0.4051,-0.3474,2022,2.9681,1.0,0.1485
2021-2026,BTC_BH_VT50,1.0,RF,0.1767,0.0282,0.4831,0.5088,-0.6687,-0.5787,2022,1.5713,1.0,0.1485
2021-2026,BTC_10W_VT50,0.03,SPY,0.1498,0.0013,0.1608,0.7454,-0.2324,-0.1813,2022,9.7772,0.5284,0.1485
2021-2026,BTC_10W_VT50,0.03,RF,0.038,-0.1105,0.0116,0.3978,-0.0083,-0.0007,2022,10.1264,0.5284,0.1485
2021-2026,BTC_10W_VT50,0.1,SPY,0.1524,0.0039,0.1574,0.7724,-0.2308,-0.1939,2022,9.6027,0.5284,0.1485
2021-2026,BTC_10W_VT50,0.1,RF,0.0486,-0.0999,0.0371,0.411,-0.0441,-0.0302,2022,9.9518,0.5284,0.1485
2021-2026,BTC_10W_VT50,0.2,SPY,0.1547,0.0061,0.1604,0.7728,-0.2343,-0.2119,2022,9.6027,0.5284,0.1485
2021-2026,BTC_10W_VT50,0.2,RF,0.0645,-0.084,0.0748,0.4336,-0.0934,-0.0712,2022,9.9518,0.5284,0.1485
2021-2026,BTC_10W_VT50,0.3,SPY,0.1557,0.0072,0.1723,0.7363,-0.2495,-0.23,2022,9.2535,0.5284,0.1485
2021-2026,BTC_10W_VT50,0.3,RF,0.077,-0.0715,0.1119,0.424,-0.1443,-0.1111,2022,9.6027,0.5284,0.1485
2021-2026,BTC_10W_VT50,0.5,SPY,0.156,0.0075,0.2167,0.6252,-0.3005,-0.2665,2022,9.2535,0.5284,0.1485
2021-2026,BTC_10W_VT50,0.5,RF,0.0966,-0.0519,0.1853,0.4119,-0.2334,-0.1873,2022,9.2535,0.5284,0.1485
2021-2026,BTC_10W_VT50,1.0,RF,0.115,-0.0336,0.3572,0.389,-0.4221,-0.3586,2022,8.9043,0.5284,0.1485
2021-2026,ETH_BH,0.03,SPY,0.1581,0.0096,0.1702,0.7555,-0.2464,-0.1944,2022,4.3648,1.0,0.1485
2021-2026,ETH_BH,0.03,RF,0.0483,-0.1002,0.0236,0.6188,-0.0333,-0.0112,2022,5.4124,1.0,0.1485
2021-2026,ETH_BH,0.1,SPY,0.1808,0.0323,0.1938,0.786,-0.2801,-0.2371,2022,4.714,1.0,0.1485
2021-2026,ETH_BH,0.1,RF,0.079,-0.0695,0.0775,0.5953,-0.1087,-0.0663,2022,5.0632,1.0,0.1485
2021-2026,ETH_BH,0.2,SPY,0.1967,0.0482,0.2434,0.7257,-0.3512,-0.2948,2022,3.3173,1.0,0.1485
2021-2026,ETH_BH,0.2,RF,0.104,-0.0445,0.1544,0.5041,-0.223,-0.1606,2022,3.4919,1.0,0.1485
2021-2026,ETH_BH,0.3,SPY,0.2351,0.0866,0.2992,0.7461,-0.4058,-0.3543,2022,2.7935,1.0,0.1485
2021-2026,ETH_BH,0.3,RF,0.1669,0.0184,0.2331,0.6361,-0.3024,-0.21,2022,4.0157,1.0,0.1485
2021-2026,ETH_BH,0.5,SPY,0.2541,0.1056,0.4368,0.6608,-0.5265,-0.4614,2022,1.7459,1.0,0.1485
2021-2026,ETH_BH,0.5,RF,0.2119,0.0634,0.3852,0.6037,-0.476,-0.3978,2022,2.0951,1.0,0.1485
2021-2026,ETH_BH,1.0,RF,0.1796,0.0311,0.7717,0.554,-0.7687,-0.7044,2022,0.0,1.0,0.1485
2021-2026,ETH_10W,0.03,SPY,0.1574,0.0089,0.1621,0.781,-0.2331,-0.1826,2022,10.301,0.5318,0.1485
2021-2026,ETH_10W,0.03,RF,0.0451,-0.1034,0.0171,0.6663,-0.0156,-0.0024,2022,10.301,0.5318,0.1485
2021-2026,ETH_10W,0.1,SPY,0.1782,0.0297,0.1653,0.8766,-0.2337,-0.1983,2022,10.301,0.5318,0.1485
2021-2026,ETH_10W,0.1,RF,0.0721,-0.0765,0.0562,0.6777,-0.06,-0.0358,2022,10.301,0.5318,0.1485
2021-2026,ETH_10W,0.2,SPY,0.1979,0.0494,0.1857,0.8889,-0.2537,-0.2208,2022,9.7772,0.5318,0.1485
2021-2026,ETH_10W,0.2,RF,0.1057,-0.0429,0.1137,0.6495,-0.1225,-0.0822,2022,10.1264,0.5318,0.1485
2021-2026,ETH_10W,0.3,SPY,0.2254,0.0769,0.2205,0.8826,-0.2833,-0.2434,2022,9.4281,0.5318,0.1485
2021-2026,ETH_10W,0.3,RF,0.1547,0.0062,0.1698,0.7363,-0.1809,-0.1272,2022,10.1264,0.5318,0.1485
2021-2026,ETH_10W,0.5,SPY,0.2665,0.1179,0.3082,0.8106,-0.3519,-0.2891,2022,8.9043,0.5318,0.1485
2021-2026,ETH_10W,0.5,RF,0.1929,0.0444,0.2853,0.6422,-0.3306,-0.213,2022,8.9043,0.5318,0.1485
2021-2026,ETH_10W,1.0,RF,0.2837,0.1352,0.5387,0.6625,-0.573,-0.4043,2022,8.3805,0.5318,0.1485
2021-2026,ETH_20W,0.03,SPY,0.1546,0.0061,0.1619,0.7669,-0.2356,-0.1867,2022,6.8092,0.5284,0.1485
2021-2026,ETH_20W,0.03,RF,0.0427,-0.1058,0.0169,0.5405,-0.0205,-0.0073,2022,6.9837,0.5284,0.1485
2021-2026,ETH_20W,0.1,SPY,0.1661,0.0176,0.1647,0.8166,-0.2469,-0.2126,2022,6.46,0.5284,0.1485
2021-2026,ETH_20W,0.1,RF,0.0625,-0.086,0.0557,0.5245,-0.0733,-0.0524,2022,6.6346,0.5284,0.1485
2021-2026,ETH_20W,0.2,SPY,0.1748,0.0263,0.184,0.7894,-0.2733,-0.2484,2022,5.9362,0.5284,0.1485
2021-2026,ETH_20W,0.2,RF,0.0843,-0.0642,0.112,0.4837,-0.1662,-0.1138,2022,6.1108,0.5284,0.1485
2021-2026,ETH_20W,0.3,SPY,0.1943,0.0458,0.2184,0.7712,-0.311,-0.2832,2022,5.7616,0.5284,0.1485
2021-2026,ETH_20W,0.3,RF,0.1135,-0.035,0.1697,0.5228,-0.2345,-0.1722,2022,6.1108,0.5284,0.1485
2021-2026,ETH_20W,0.5,SPY,0.225,0.0765,0.3067,0.705,-0.3891,-0.3488,2022,5.7616,0.5284,0.1485
2021-2026,ETH_20W,0.5,RF,0.1556,0.007,0.2804,0.5355,-0.3881,-0.2786,2022,5.7616,0.5284,0.1485
2021-2026,ETH_20W,1.0,RF,0.1902,0.0417,0.5374,0.5247,-0.6816,-0.5064,2022,4.8886,0.5284,0.1485
2021-2026,ETH_50D,0.03,SPY,0.1578,0.0093,0.1623,0.7823,-0.2339,-0.1835,2022,11.5232,0.5117,0.1485
2021-2026,ETH_50D,0.03,RF,0.0455,-0.1031,0.0173,0.6785,-0.0152,-0.0032,2022,11.5232,0.5117,0.1485
2021-2026,ETH_50D,0.1,SPY,0.1788,0.0303,0.1663,0.8757,-0.2359,-0.2011,2022,11.5232,0.5117,0.1485
2021-2026,ETH_50D,0.1,RF,0.0727,-0.0758,0.057,0.6807,-0.0641,-0.0383,2022,11.5232,0.5117,0.1485
2021-2026,ETH_50D,0.2,SPY,0.1996,0.0511,0.1877,0.8884,-0.255,-0.2263,2022,10.9994,0.5117,0.1485
2021-2026,ETH_50D,0.2,RF,0.1077,-0.0409,0.1151,0.6586,-0.1301,-0.0873,2022,11.3486,0.5117,0.1485
2021-2026,ETH_50D,0.3,SPY,0.2288,0.0803,0.2229,0.8875,-0.2853,-0.2515,2022,10.9994,0.5117,0.1485
2021-2026,ETH_50D,0.3,RF,0.1482,-0.0004,0.1735,0.6912,-0.1919,-0.1347,2022,11.3486,0.5117,0.1485
2021-2026,ETH_50D,0.5,SPY,0.2756,0.1271,0.3136,0.8237,-0.3554,-0.3018,2022,10.1264,0.5117,0.1485
2021-2026,ETH_50D,0.5,RF,0.2186,0.0701,0.2911,0.7063,-0.3043,-0.2251,2022,10.301,0.5117,0.1485
2021-2026,ETH_50D,1.0,RF,0.3074,0.1589,0.5505,0.6883,-0.5294,-0.4261,2022,9.7772,0.5117,0.1485
2021-2026,ETH_200D,0.03,SPY,0.1558,0.0073,0.1627,0.7703,-0.2337,-0.18,2022,5.0632,0.5318,0.1485
2021-2026,ETH_200D,0.03,RF,0.0438,-0.1047,0.0172,0.5888,-0.0199,0.0005,2022,5.2378,0.5318,0.1485
2021-2026,ETH_200D,0.1,SPY,0.1705,0.022,0.1676,0.8279,-0.2395,-0.1898,2022,4.8886,0.5318,0.1485
2021-2026,ETH_200D,0.1,RF,0.0649,-0.0836,0.0564,0.5584,-0.0656,-0.0264,2022,4.714,0.5318,0.1485
2021-2026,ETH_200D,0.2,SPY,0.182,0.0335,0.1895,0.8042,-0.2553,-0.2013,2022,4.1902,0.5318,0.1485
2021-2026,ETH_200D,0.2,RF,0.089,-0.0595,0.1141,0.5151,-0.1444,-0.0621,2022,4.3648,0.5318,0.1485
2021-2026,ETH_200D,0.3,SPY,0.1965,0.048,0.2251,0.7636,-0.2928,-0.228,2022,3.8411,0.5318,0.1485
2021-2026,ETH_200D,0.3,RF,0.1233,-0.0252,0.1728,0.5672,-0.1939,-0.0947,2022,4.1902,0.5318,0.1485
2021-2026,ETH_200D,0.5,SPY,0.2445,0.096,0.3135,0.7481,-0.3272,-0.2522,2022,3.8411,0.5318,0.1485
2021-2026,ETH_200D,0.5,RF,0.1666,0.018,0.2867,0.5635,-0.3225,-0.1742,2022,3.6665,0.5318,0.1485
2021-2026,ETH_200D,1.0,RF,0.1976,0.049,0.5516,0.5392,-0.5744,-0.3455,2022,2.7935,0.5318,0.1485
2021-2026,ROT_MOM_10W,0.03,SPY,0.1554,0.0069,0.1626,0.7687,-0.2343,-0.184,2022,13.0945,0.6154,0.1485
2021-2026,ROT_MOM_10W,0.03,RF,0.0433,-0.1052,0.0174,0.5559,-0.0156,-0.0036,2022,13.4437,0.6154,0.1485
2021-2026,ROT_MOM_10W,0.1,SPY,0.1702,0.0217,0.1672,0.8278,-0.2419,-0.2026,2022,13.0945,0.6154,0.1485
2021-2026,ROT_MOM_10W,0.1,RF,0.0648,-0.0837,0.0573,0.5491,-0.0688,-0.0396,2022,13.0945,0.6154,0.1485
2021-2026,ROT_MOM_10W,0.2,SPY,0.1869,0.0384,0.1886,0.8293,-0.2643,-0.2294,2022,12.9199,0.6154,0.1485
2021-2026,ROT_MOM_10W,0.2,RF,0.0946,-0.0539,0.1143,0.5594,-0.1432,-0.0898,2022,13.0945,0.6154,0.1485
2021-2026,ROT_MOM_10W,0.3,SPY,0.2025,0.0539,0.2235,0.7892,-0.2996,-0.2561,2022,12.7453,0.6154,0.1485
2021-2026,ROT_MOM_10W,0.3,RF,0.1199,-0.0286,0.1728,0.5498,-0.2154,-0.1387,2022,12.7453,0.6154,0.1485
2021-2026,ROT_MOM_10W,0.5,SPY,0.2056,0.0571,0.3166,0.643,-0.4189,-0.3096,2022,11.8724,0.6154,0.1485
2021-2026,ROT_MOM_10W,0.5,RF,0.1492,0.0007,0.2914,0.5072,-0.3945,-0.2323,2022,12.047,0.6154,0.1485
2021-2026,ROT_MOM_10W,1.0,RF,0.1788,0.0303,0.5548,0.506,-0.6386,-0.4411,2022,11.6978,0.6154,0.1485
2021-2026,ROT_ETHBTC_10W,0.03,SPY,0.1538,0.0053,0.1627,0.7599,-0.2329,-0.1824,2022,13.7929,0.6154,0.1485
2021-2026,ROT_ETHBTC_10W,0.03,RF,0.0421,-0.1064,0.0168,0.5026,-0.0156,-0.0017,2022,13.7929,0.6154,0.1485
2021-2026,ROT_ETHBTC_10W,0.1,SPY,0.1652,0.0166,0.167,0.8028,-0.2337,-0.1975,2022,13.7929,0.6154,0.1485
2021-2026,ROT_ETHBTC_10W,0.1,RF,0.0611,-0.0874,0.0555,0.5021,-0.0677,-0.0336,2022,13.7929,0.6154,0.1485
2021-2026,ROT_ETHBTC_10W,0.2,SPY,0.1749,0.0264,0.188,0.777,-0.2481,-0.2195,2022,13.6183,0.6154,0.1485
2021-2026,ROT_ETHBTC_10W,0.2,RF,0.0822,-0.0663,0.1126,0.4642,-0.1596,-0.0786,2022,13.6183,0.6154,0.1485
2021-2026,ROT_ETHBTC_10W,0.3,SPY,0.1862,0.0377,0.2219,0.7319,-0.2768,-0.2418,2022,13.4437,0.6154,0.1485
2021-2026,ROT_ETHBTC_10W,0.3,RF,0.1058,-0.0427,0.1701,0.4812,-0.2344,-0.1227,2022,13.6183,0.6154,0.1485
2021-2026,ROT_ETHBTC_10W,0.5,SPY,0.2099,0.0614,0.3068,0.6646,-0.3714,-0.2873,2022,13.0945,0.6154,0.1485
2021-2026,ROT_ETHBTC_10W,0.5,RF,0.1554,0.0069,0.282,0.5326,-0.3534,-0.2082,2022,13.2691,0.6154,0.1485
2021-2026,ROT_ETHBTC_10W,1.0,RF,0.1603,0.0118,0.5435,0.4777,-0.6791,-0.4046,2022,12.7453,0.6154,0.1485
2021-2026,HALF_10W,0.03,SPY,0.1541,0.0056,0.1615,0.766,-0.2335,-0.1828,2022,15.5388,0.6154,0.1485
2021-2026,HALF_10W,0.03,RF,0.042,-0.1065,0.0131,0.6457,-0.0118,-0.0023,2022,15.5388,0.6154,0.1485
2021-2026,HALF_10W,0.1,SPY,0.1668,0.0182,0.1609,0.8357,-0.2345,-0.1988,2022,15.3642,0.6154,0.1485
2021-2026,HALF_10W,0.1,RF,0.0608,-0.0877,0.0432,0.6253,-0.0553,-0.0355,2022,15.3642,0.6154,0.1485
2021-2026,HALF_10W,0.2,SPY,0.1823,0.0337,0.1697,0.8786,-0.2512,-0.2218,2022,15.1897,0.6154,0.1485
2021-2026,HALF_10W,0.2,RF,0.0888,-0.0597,0.0862,0.6465,-0.1135,-0.0819,2022,15.3642,0.6154,0.1485
2021-2026,HALF_10W,0.3,SPY,0.1978,0.0493,0.1881,0.8794,-0.2775,-0.2449,2022,15.0151,0.6154,0.1485
2021-2026,HALF_10W,0.3,RF,0.1157,-0.0328,0.1293,0.6556,-0.1695,-0.127,2022,15.1897,0.6154,0.1485
2021-2026,HALF_10W,0.5,SPY,0.2166,0.0681,0.2459,0.7855,-0.3441,-0.2914,2022,14.3167,0.6154,0.1485
2021-2026,HALF_10W,0.5,RF,0.1582,0.0096,0.2178,0.6303,-0.2803,-0.2135,2022,14.3167,0.6154,0.1485
2021-2026,HALF_10W,1.0,RF,0.246,0.0975,0.4214,0.6503,-0.4948,-0.4079,2022,13.7929,0.6154,0.1485
2021-2026,BTC2X_BH,0.03,SPY,0.1549,0.0064,0.1754,0.7225,-0.266,-0.2224,2022,7.3329,1.0,0.1485
2021-2026,BTC2X_BH,0.03,RF,0.0451,-0.1034,0.0343,0.3462,-0.0651,-0.0471,2022,8.3805,1.0,0.1485
2021-2026,BTC2X_BH,0.1,SPY,0.1748,0.0263,0.2214,0.6911,-0.3601,-0.3144,2022,6.6346,1.0,0.1485
2021-2026,BTC2X_BH,0.1,RF,0.0704,-0.0781,0.1157,0.3614,-0.224,-0.1761,2022,7.1583,1.0,0.1485
2021-2026,BTC2X_BH,0.2,SPY,0.1848,0.0363,0.309,0.5968,-0.4873,-0.438,2022,6.2854,1.0,0.1485
2021-2026,BTC2X_BH,0.2,RF,0.1003,-0.0482,0.2312,0.3852,-0.3984,-0.3242,2022,6.8092,1.0,0.1485
2021-2026,BTC2X_BH,0.3,SPY,0.1806,0.0321,0.4029,0.5302,-0.6301,-0.5722,2022,5.2378,1.0,0.1485
2021-2026,BTC2X_BH,0.3,RF,0.1311,-0.0174,0.3426,0.4313,-0.5204,-0.4397,2022,5.9362,1.0,0.1485
2021-2026,BTC2X_BH,0.5,SPY,0.1707,0.0221,0.6083,0.5037,-0.7667,-0.7039,2022,3.4919,1.0,0.1485
2021-2026,BTC2X_BH,0.5,RF,0.1273,-0.0213,0.5833,0.4309,-0.7365,-0.6594,2022,3.1427,1.0,0.1485
2021-2026,BTC2X_BH,1.0,RF,-0.1439,-0.2925,1.1515,0.402,-0.9755,-0.9405,2022,0.0,1.0,0.1485
2021-2026,BTC2X_10W,0.03,SPY,0.1526,0.0041,0.1651,0.7447,-0.2403,-0.1945,2022,10.6502,0.5284,0.1485
2021-2026,BTC2X_10W,0.03,RF,0.042,-0.1065,0.0251,0.3426,-0.0306,-0.0168,2022,11.8724,0.5284,0.1485
2021-2026,BTC2X_10W,0.03,LEVSPY,0.2011,0.0526,0.2284,0.7739,-0.3288,-0.2507,2022,10.6502,0.5284,0.1485
2021-2026,BTC2X_10W,0.1,SPY,0.1632,0.0147,0.184,0.7355,-0.269,-0.2373,2022,10.301,0.5284,0.1485
2021-2026,BTC2X_10W,0.1,RF,0.0589,-0.0896,0.0863,0.3245,-0.1145,-0.0806,2022,10.6502,0.5284,0.1485
2021-2026,BTC2X_10W,0.1,LEVSPY,0.2081,0.0596,0.2406,0.7706,-0.3609,-0.2917,2022,10.301,0.5284,0.1485
2021-2026,BTC2X_10W,0.2,SPY,0.1677,0.0192,0.236,0.6348,-0.3449,-0.3077,2022,10.1264,0.5284,0.1485
2021-2026,BTC2X_10W,0.2,RF,0.0735,-0.075,0.1728,0.3045,-0.2383,-0.1832,2022,10.301,0.5284,0.1485
2021-2026,BTC2X_10W,0.2,LEVSPY,0.2085,0.06,0.2788,0.7008,-0.4199,-0.3463,2022,10.1264,0.5284,0.1485
2021-2026,BTC2X_10W,0.3,SPY,0.172,0.0235,0.3022,0.5646,-0.4167,-0.3686,2022,10.1264,0.5284,0.1485
2021-2026,BTC2X_10W,0.3,RF,0.0898,-0.0588,0.2577,0.3313,-0.3369,-0.27,2022,10.301,0.5284,0.1485
2021-2026,BTC2X_10W,0.3,LEVSPY,0.2098,0.0613,0.3329,0.6382,-0.4724,-0.3989,2022,10.1264,0.5284,0.1485
2021-2026,BTC2X_10W,0.5,SPY,0.1495,0.001,0.4628,0.4532,-0.5628,-0.4807,2022,9.0789,0.5284,0.1485
2021-2026,BTC2X_10W,0.5,RF,0.1115,-0.037,0.4417,0.3765,-0.5052,-0.4236,2022,9.4281,0.5284,0.1485
2021-2026,BTC2X_10W,0.5,LEVSPY,0.1781,0.0296,0.4784,0.5058,-0.586,-0.4979,2022,9.2535,0.5284,0.1485
2021-2026,BTC2X_10W,1.0,RF,-0.0008,-0.1493,0.8424,0.3648,-0.8147,-0.7064,2022,8.3805,0.5284,0.1485
2021-2026,BTC2X_20W,0.03,SPY,0.1539,0.0054,0.165,0.7521,-0.233,-0.1863,2022,7.1583,0.5585,0.1485
2021-2026,BTC2X_20W,0.03,RF,0.0417,-0.1068,0.0249,0.3346,-0.0287,-0.0076,2022,7.8567,0.5585,0.1485
2021-2026,BTC2X_20W,0.1,SPY,0.1675,0.019,0.1833,0.7582,-0.264,-0.2108,2022,6.8092,0.5585,0.1485
2021-2026,BTC2X_20W,0.1,RF,0.0593,-0.0892,0.0858,0.331,-0.1137,-0.0529,2022,6.9837,0.5585,0.1485
2021-2026,BTC2X_20W,0.2,SPY,0.1763,0.0277,0.2342,0.6692,-0.3261,-0.2462,2022,6.6346,0.5585,0.1485
2021-2026,BTC2X_20W,0.2,RF,0.0832,-0.0653,0.1743,0.3553,-0.2227,-0.1158,2022,6.6346,0.5585,0.1485
2021-2026,BTC2X_20W,0.3,SPY,0.1857,0.0371,0.3036,0.6012,-0.3879,-0.2823,2022,6.2854,0.5585,0.1485
2021-2026,BTC2X_20W,0.3,RF,0.1044,-0.0441,0.2592,0.3823,-0.3076,-0.1766,2022,6.6346,0.5585,0.1485
2021-2026,BTC2X_20W,0.5,SPY,0.1501,0.0016,0.4619,0.4552,-0.5463,-0.3559,2022,5.587,0.5585,0.1485
2021-2026,BTC2X_20W,0.5,RF,0.1237,-0.0249,0.4425,0.4015,-0.479,-0.2919,2022,5.9362,0.5585,0.1485
2021-2026,BTC2X_20W,1.0,RF,0.0233,-0.1253,0.8473,0.3958,-0.7939,-0.5441,2022,4.8886,0.5585,0.1485
2021-2026,BTC2X_10W_200D,0.03,SPY,0.1546,0.0061,0.1642,0.7586,-0.2262,-0.1704,2022,8.2059,0.4381,0.1485
2021-2026,BTC2X_10W_200D,0.03,RF,0.0435,-0.105,0.0227,0.4397,-0.026,0.0121,2022,9.0789,0.4381,0.1485
2021-2026,BTC2X_10W_200D,0.1,SPY,0.1705,0.022,0.1788,0.7868,-0.222,-0.1575,2022,7.8567,0.4381,0.1485
2021-2026,BTC2X_10W_200D,0.1,RF,0.0651,-0.0835,0.0784,0.4228,-0.09,0.0121,2022,8.2059,0.4381,0.1485
2021-2026,BTC2X_10W_200D,0.2,SPY,0.1872,0.0387,0.222,0.7351,-0.2249,-0.139,2022,7.8567,0.4381,0.1485
2021-2026,BTC2X_10W_200D,0.2,RF,0.0945,-0.054,0.1592,0.438,-0.1956,-0.0275,2025,7.8567,0.4381,0.1485
2021-2026,BTC2X_10W_200D,0.3,SPY,0.2074,0.0588,0.2828,0.6881,-0.2698,-0.1204,2022,7.6821,0.4381,0.1485
2021-2026,BTC2X_10W_200D,0.3,RF,0.1219,-0.0267,0.2373,0.4604,-0.2923,-0.0655,2025,7.8567,0.4381,0.1485
2021-2026,BTC2X_10W_200D,0.5,SPY,0.2081,0.0596,0.4208,0.5726,-0.4439,-0.0899,2025,6.9837,0.4381,0.1485
2021-2026,BTC2X_10W_200D,0.5,RF,0.1673,0.0188,0.4014,0.4936,-0.4583,-0.1413,2025,7.3329,0.4381,0.1485
2021-2026,BTC2X_10W_200D,1.0,RF,0.1369,-0.0116,0.7695,0.485,-0.7456,-0.3145,2025,6.2854,0.4381,0.1485
2021-2026,BTC_10W_VT80_L2,0.03,SPY,0.1515,0.003,0.1631,0.7461,-0.2364,-0.1883,2022,18.8561,0.5284,0.1485
2021-2026,BTC_10W_VT80_L2,0.03,RF,0.0402,-0.1084,0.02,0.3365,-0.0182,-0.0089,2022,19.3799,0.5284,0.1485
2021-2026,BTC_10W_VT80_L2,0.1,SPY,0.1575,0.009,0.1711,0.7495,-0.2445,-0.2168,2022,18.8561,0.5284,0.1485
2021-2026,BTC_10W_VT80_L2,0.1,RF,0.0535,-0.0951,0.0657,0.3243,-0.0763,-0.0569,2022,19.0307,0.5284,0.1485
2021-2026,BTC_10W_VT80_L2,0.2,SPY,0.1623,0.0137,0.2003,0.6875,-0.276,-0.2571,2022,18.6815,0.5284,0.1485
2021-2026,BTC_10W_VT80_L2,0.2,RF,0.0714,-0.0771,0.1311,0.34,-0.155,-0.1231,2022,19.0307,0.5284,0.1485
2021-2026,BTC_10W_VT80_L2,0.3,SPY,0.1625,0.014,0.2434,0.6052,-0.3264,-0.2967,2022,18.6815,0.5284,0.1485
2021-2026,BTC_10W_VT80_L2,0.3,RF,0.0841,-0.0644,0.1959,0.3405,-0.2346,-0.1864,2022,18.6815,0.5284,0.1485
2021-2026,BTC_10W_VT80_L2,0.5,SPY,0.151,0.0025,0.3489,0.4811,-0.421,-0.3738,2022,18.5069,0.5284,0.1485
2021-2026,BTC_10W_VT80_L2,0.5,RF,0.0984,-0.0501,0.325,0.3466,-0.3804,-0.3045,2022,18.3323,0.5284,0.1485
2021-2026,BTC_10W_VT80_L2,1.0,RF,0.0455,-0.103,0.6451,0.336,-0.6656,-0.5513,2022,18.1577,0.5284,0.1485
2021-2026,HALVING_18M,0.03,SPY,0.1537,0.0051,0.1625,0.7596,-0.2261,-0.1704,2022,1.3967,0.4147,0.1485
2021-2026,HALVING_18M,0.03,RF,0.0417,-0.1069,0.0117,0.6918,-0.0176,0.0121,2022,1.7459,0.4147,0.1485
2021-2026,HALVING_18M,0.1,SPY,0.1654,0.0168,0.1629,0.82,-0.2098,-0.1573,2022,1.3967,0.4147,0.1485
2021-2026,HALVING_18M,0.1,RF,0.0605,-0.088,0.0382,0.6954,-0.0578,0.0121,2022,1.7459,0.4147,0.1485
2021-2026,HALVING_18M,0.2,SPY,0.182,0.0335,0.1717,0.8687,-0.2046,-0.1387,2022,1.2222,0.4147,0.1485
2021-2026,HALVING_18M,0.2,RF,0.0872,-0.0614,0.0761,0.7024,-0.1123,0.0121,2022,1.3967,0.4147,0.1485
2021-2026,HALVING_18M,0.3,SPY,0.1998,0.0513,0.1863,0.8947,-0.2124,-0.12,2022,1.2222,0.4147,0.1485
2021-2026,HALVING_18M,0.3,RF,0.1149,-0.0336,0.1163,0.7097,-0.1741,0.0121,2022,1.2222,0.4147,0.1485
2021-2026,HALVING_18M,0.5,SPY,0.2301,0.0816,0.2341,0.8608,-0.246,-0.0824,2022,0.873,0.4147,0.1485
2021-2026,HALVING_18M,0.5,RF,0.1781,0.0295,0.1995,0.7548,-0.2606,0.0121,2022,1.2222,0.4147,0.1485
2021-2026,HALVING_18M,1.0,RF,0.2718,0.1233,0.3831,0.7318,-0.4926,0.0121,2022,0.5238,0.4147,0.1485
2021-2026,NONE,0.0,SPY,0.1485,-0.0,0.1635,0.7284,-0.2331,-0.176,2022,0.0,1.0,0.1485
2021-2026,NONE,0.0,LEVSPY,0.1971,0.0486,0.2279,0.7607,-0.3188,-0.2353,2022,0.0,1.0,0.1485
