,bracket,pre_tax_return_%,1256_rate_%,short_term_rate_%,after_tax_1256_%,after_tax_ST_%,1256_advantage_pp
0,top bracket,5.0,30.6,40.8,3.47,2.96,0.51
1,top bracket,10.0,30.6,40.8,6.94,5.92,1.02
2,top bracket,20.0,30.6,40.8,13.88,11.84,2.04
3,24% bracket,5.0,18.6,24.0,4.07,3.8,0.27
4,24% bracket,10.0,18.6,24.0,8.14,7.6,0.54
5,24% bracket,20.0,18.6,24.0,16.28,15.2,1.08
6,32% bracket + NIIT,5.0,25.6,35.8,3.72,3.21,0.51
7,32% bracket + NIIT,10.0,25.6,35.8,7.44,6.42,1.02
8,32% bracket + NIIT,20.0,25.6,35.8,14.88,12.84,2.04
