,universe,variant,test_SR,test_ret_%_at_10%vol,qK_leverage_of_10%vol_book,shrunk_SR,g_%_per_yr
0,LONG,TSMOM L252 H21,0.28,2.9,0.33,0.14,0.42
1,LONG,BLEND H21,0.21,2.14,0.26,0.11,0.25
2,LONG,BRK N50,0.07,0.74,0.08,0.03,0.03
3,LONG,TSMOM L63 H21,-0.03,-0.25,0.0,,0.0
4,LONG,LO-BLEND H21,0.15,1.36,0.22,0.08,0.13
5,LONG,TSMOM L126 H21,0.3,3.03,0.38,0.15,0.5
6,ETF,TSMOM L252 H21,0.09,0.9,0.11,0.05,0.04
7,ETF,BLEND H21,0.1,1.02,0.13,0.05,0.06
8,ETF,BRK N50,0.12,1.17,0.15,0.06,0.07
9,ETF,TSMOM L63 H21,0.24,2.41,0.3,0.12,0.32
10,ETF,LO-BLEND H21,0.21,2.09,0.26,0.1,0.24
11,ETF,TSMOM L126 H21,0.22,2.23,0.28,0.11,0.27
12,MICRO8,TSMOM L252 H21,0.58,6.19,0.69,0.29,1.87
13,MICRO8,BLEND H21,0.56,6.13,0.63,0.28,1.7
14,MICRO8,BRK N50,0.15,1.79,0.16,0.08,0.13
15,MICRO8,TSMOM L63 H21,0.19,2.04,0.21,0.09,0.19
16,MICRO8,LO-BLEND H21,0.51,5.06,0.65,0.26,1.44
17,MICRO8,TSMOM L126 H21,0.63,6.88,0.73,0.32,2.19
