famous_winner,same_bet_that_lost,denominator_evidence
Soros & Druckenmiller vs GBP (1992),HKD attackers (1998; 2016-20); CNY shorts squeezed (2016); DKK 2015; SNB-floor vol sellers (Everest 2015),HKD 1.5% and DKK ~1% robust ranges since 1998/1999 (peg_holds.csv); Frankel & Rose (1996)
Paulson / Burry / Bass (2007),JGB 'widowmaker'; Tiger 1999-2000; Hayman after 2008 (~1.6%/yr to 2015); Kynikos funds closed 2023; Hindenburg closed 2025,"Short-constrained stocks underperform but with high variance and squeeze risk (Asquith, Pathak & Ritter 2005)"
Tudor / Taleb / Universa / Ackman (crash convexity),Tail-hedge buyers 2009-2019; the viral 2013-14 '1929 analog' chart,CBOE Eurekahedge Tail Risk index ~-3.2%/yr 2008-2020; median rolling 12m ~-7%
Keith Gill / VW / Northern Pacific (squeezes),Late GME (-88%) and AMC (-99.8%) buyers; BBBY (bankrupt 2023); Piggly Wiggly 1923; Hunt silver 1980,"Short-constrained stocks -2.15%/month EW 1988-2002 (Asquith, Pathak & Ritter 2005)"
Nvidia / Amazon / Monster / GEICO (compounders),"Cisco (21.4 yrs under water incl. dividends), Intel (17.5), MSTR (24.7), Lucent, Nortel, Enron",4.3% of US stocks = all net wealth; 57% lag T-bills (Bessembinder 2018); >40% of R3000 stocks with unrecovered -70% (J.P. Morgan)
BTC / ETH / SOL (early adoption),"LUNA, FTT, most 2017-18 ICOs, 2021-25 memecoins",53.2% of ~20.2m tokens since 2021 dead; 11.6m died in 2025 (CoinGecko 2026)
Templeton 1939 / 1932 / 2009 (crisis buying),"Japan 1990 (33 yrs to price break-even), Shanghai 2007 & Hang Seng 2018 (unrecovered), Russia 1917 / China 1949 (total loss), 1929 margin buyers",Jorion & Goetzmann (1999): the US is the survivor market
Carvana / Hertz (distressed equity),"Lehman, WaMu, BBBY, WeWork equity; Hertz post-emergence buyers (-96%)",J.P. Morgan catastrophic-loss statistic
Theo 2024 / Trump 2016 long-shot,2020 post-election Trump bettors; 2022 'red wave' bettors,Zero-sum after fees; favorite-long-shot bias (Snowberg & Wolfers 2010)
SPAC warrant winners 2020,2021-22 de-SPAC buyers,"Non-redeeming holders: mean -64%, median -88% market-adjusted (Klausner, Ohlrogge & Ruan 2022)"
Buffett/Graham concentration,Ackman-Valeant (~$4bn loss); Enron 401(k)s; Legg Mason Value Trust 2008 (reported -55%),J.P. Morgan concentrated-stock research
'A few big day-trading wins',97% of persistent Brazilian day traders lost; <1% of Taiwanese day traders reliably profitable,Chague et al. (2019); Barber et al. (2014); Barber & Odean (2000)
