label,N,s,rho,policy,book,regime,loss_limits,governor,def_cap,seed,trades/yr opened,blocked share,mean risk/trade,E[log growth]/yr,median CAGR,P5 1y return,P(1y loss),median maxDD 3y,P(maxDD>10%),P(maxDD>20%),P(maxDD>35%),P(ruin <10%),realised s,power 1y,power 2y,power 3y
"v2, rho 0.6",25,0.0,0.6,v2,stop,iid,True,True,0.03,20260936,24.902555555555555,0.0007668472324394213,0.006558129866047893,-0.004115563532427707,-0.005387059639180958,-0.07320013823262883,0.555,0.08418314400132992,0.3233333333333333,0.0,0.0,0.0,-0.022921786058554775,0.048666666666666664,0.048666666666666664,0.042333333333333334
"no corr/cluster caps, no governor, rho 0.3",25,0.0,0.3,v2_nocorr,stop,iid,False,False,0.03,20260936,24.916666666666668,0.0,0.008281178738964081,-0.0037353099206882817,-0.003817908327347075,-0.07966696454653399,0.5233333333333333,0.09573141034379301,0.453,0.023333333333333334,0.0,0.0,-0.01315372277224243,0.03866666666666667,0.04466666666666667,0.04566666666666667
"no corr/cluster caps, no governor, rho 0.6",25,0.0,0.6,v2_nocorr,stop,iid,False,False,0.03,20260936,24.916666666666668,0.0,0.008281178738964081,-0.005591297536563206,-0.005492167462409214,-0.08593937759810677,0.5416666666666666,0.10298881548386163,0.5253333333333333,0.039,0.0,0.0,-0.020430760020526677,0.04633333333333333,0.04833333333333333,0.048666666666666664
full Kelly on claimed edge,25,0.0,0.3,kelly_full,stop,iid,False,False,0.03,20260936,24.916666666666668,0.0,0.08421178510700364,-0.1515403319062941,-0.13124752999744327,-0.6114712479463873,0.5993333333333334,0.6723744096817087,1.0,1.0,0.9906666666666667,0.015,-0.01315372277224243,0.03866666666666667,0.04466666666666667,0.04566666666666667
"defined-risk book, 3% premium cap",25,0.0,0.3,v2,defined,iid,True,True,0.03,20260936,24.90511111111111,0.0005439920095599907,0.00683386412564971,-0.005482702092420111,-0.008493508598242161,-0.08152299920965889,0.5636666666666666,0.0945999210277702,0.436,0.0,0.0,0.0,-0.023518605667349493,0.036,0.03966666666666667,0.03966666666666667
"defined-risk book, 2% premium cap",25,0.0,0.3,v2,defined,iid,True,True,0.02,20260936,24.90511111111111,0.0005439920095599907,0.00683386412564971,-0.005482702092420111,-0.008493508598242161,-0.08152299920965889,0.5636666666666666,0.0945999210277702,0.436,0.0,0.0,0.0,-0.023518605667349493,0.036,0.03966666666666667,0.03966666666666667
iid: no loss limits,25,0.0,0.3,v2,stop,iid,False,True,0.03,20260936,24.911,0.0002274247491638796,0.006640194316997478,-0.002429991720476135,-0.004147063897665282,-0.06944956236437183,0.5203333333333333,0.08069890467194807,0.2783333333333333,0.0,0.0,0.0,-0.013148630288454442,0.039,0.04466666666666667,0.04533333333333334
"iid: no loss limits, no governor",25,0.0,0.3,v2,stop,iid,False,False,0.03,20260936,24.909666666666666,0.0002809364548494983,0.00712304320252771,-0.0027558142413990263,-0.003128790127390868,-0.07069785274371021,0.519,0.08178972956112956,0.324,0.004666666666666667,0.0,0.0,-0.013122270309381215,0.039,0.04466666666666667,0.04533333333333334
regime: v2 (governor + loss limits),25,0.0,0.3,v2,stop,switch,True,True,0.03,20260936,24.97288888888889,0.0010311661066367984,0.006632156365171004,-0.005122400782299803,-0.008035449013719886,-0.0721310781086848,0.5443333333333333,0.08816615572084163,0.349,0.0,0.0,0.0,-0.023155086224811383,0.038,0.035333333333333335,0.03333333333333333
regime: no loss limits,25,0.0,0.3,v2,stop,switch,False,True,0.03,20260936,24.977777777777778,0.00021792402901502786,0.006590078477166942,-0.005564522612635558,-0.008057567431938195,-0.07652080454594146,0.556,0.08961247918745557,0.371,0.0003333333333333333,0.0,0.0,-0.025933813024299198,0.034666666666666665,0.037,0.033666666666666664
"regime: no loss limits, no governor",25,0.0,0.3,v2,stop,switch,False,False,0.03,20260936,24.977999999999998,0.00020902917068788386,0.007244290305284777,-0.006184611668180701,-0.006466566512586924,-0.07876231397047195,0.5543333333333333,0.0921278465183753,0.42133333333333334,0.020666666666666667,0.0,0.0,-0.025882714089200273,0.034666666666666665,0.037,0.033666666666666664
"v2, rho 0.6",25,0.1,0.6,v2,stop,iid,True,True,0.03,20260936,24.89911111111111,0.0009317836300328576,0.00688703911664615,0.015646885215473263,0.014984047894304853,-0.057267943491542295,0.37233333333333335,0.06804520353436772,0.13866666666666666,0.0003333333333333333,0.0,0.0,0.07773771868496793,0.10966666666666666,0.15,0.19866666666666666
"no corr/cluster caps, no governor, rho 0.3",25,0.1,0.3,v2_nocorr,stop,iid,False,False,0.03,20260936,24.916666666666668,0.0,0.008333333333333337,0.01968879417453424,0.019910295829566937,-0.06096182864580746,0.36,0.07519448727788819,0.24166666666666667,0.003,0.0,0.0,0.08320219555829662,0.09933333333333333,0.14566666666666667,0.17966666666666667
"no corr/cluster caps, no governor, rho 0.6",25,0.1,0.6,v2_nocorr,stop,iid,False,False,0.03,20260936,24.916666666666668,0.0,0.008333333333333337,0.017991620539399174,0.018095133933387686,-0.06560247578756606,0.37333333333333335,0.0821572648751534,0.30766666666666664,0.007333333333333333,0.0,0.0,0.07743682046024916,0.111,0.154,0.18233333333333332
full Kelly on claimed edge,25,0.1,0.3,kelly_full,stop,iid,False,False,0.03,20260936,24.916666666666668,0.0,0.10416666666666677,0.033392835492502125,0.059621609045493074,-0.6439730966628608,0.45466666666666666,0.6876391934156911,1.0,1.0,0.9966666666666667,0.02266666666666667,0.08320219555829662,0.09933333333333333,0.14566666666666667,0.17966666666666667
"defined-risk book, 3% premium cap",25,0.1,0.3,v2,defined,iid,True,True,0.03,20260936,24.581777777777777,0.01371304254787974,0.01206470081685985,0.02668823182212704,0.019428293144821085,-0.10728090003556645,0.42133333333333334,0.13032846036974843,0.8403333333333334,0.004666666666666667,0.0,0.0,0.07995550992907707,0.101,0.12966666666666668,0.18033333333333335
"defined-risk book, 2% premium cap",25,0.1,0.3,v2,defined,iid,True,True,0.02,20260936,24.581777777777777,0.01371304254787974,0.01206470081685985,0.02668823182212704,0.019428293144821085,-0.10728090003556645,0.42133333333333334,0.13032846036974843,0.8403333333333334,0.004666666666666667,0.0,0.0,0.07995550992907707,0.101,0.12966666666666668,0.18033333333333335
iid: no loss limits,25,0.1,0.3,v2,stop,iid,False,True,0.03,20260936,24.908,0.00034782608695652176,0.0069242799863877096,0.016831697567647012,0.016569776714906226,-0.05294048011240782,0.35233333333333333,0.06460228877976204,0.116,0.0,0.0,0.0,0.0832869538519521,0.09933333333333333,0.14633333333333334,0.17966666666666667
"iid: no loss limits, no governor",25,0.1,0.3,v2,stop,iid,False,False,0.03,20260936,24.906666666666666,0.0004013377926421405,0.007148349543797841,0.017306370349256594,0.017368836602797755,-0.051985462820848816,0.3516666666666667,0.06471054376188812,0.14533333333333334,0.0003333333333333333,0.0,0.0,0.0833027775190958,0.09933333333333333,0.14633333333333334,0.17966666666666667
regime: v2 (governor + loss limits),25,0.1,0.3,v2,stop,switch,True,True,0.03,20260936,24.96388888888889,0.0013867467898145227,0.0068633204017071936,0.00829426737157149,0.007717469150261058,-0.0662852696953401,0.43666666666666665,0.07635076868333557,0.232,0.0006666666666666666,0.0,0.0,0.041724233653658654,0.07366666666666667,0.092,0.1
regime: no loss limits,25,0.1,0.3,v2,stop,switch,False,True,0.03,20260936,24.977999999999998,0.00020902917068788386,0.006856938801005583,0.008223723524620438,0.007109513639967258,-0.06656737492058984,0.443,0.07660620981152311,0.22833333333333333,0.0006666666666666666,0.0,0.0,0.04149155392066092,0.071,0.09833333333333333,0.10466666666666667
"regime: no loss limits, no governor",25,0.1,0.3,v2,stop,switch,False,False,0.03,20260936,24.978111111111108,0.00020458174152431188,0.007278341341225481,0.008640735411786787,0.008307440631211582,-0.06601475202128038,0.43866666666666665,0.07696990020822941,0.2713333333333333,0.009666666666666667,0.0,0.0,0.041549497586601106,0.071,0.09833333333333333,0.10466666666666667
"v2, rho 0.6",25,0.2,0.6,v2,stop,iid,True,True,0.03,20260936,24.890666666666664,0.0012750666512113132,0.007022231864550602,0.03598437929508567,0.03662770783552727,-0.03862624162438355,0.21666666666666667,0.05613753151496037,0.051,0.0,0.0,0.0,0.173214772335739,0.21466666666666667,0.33066666666666666,0.43666666666666665
"no corr/cluster caps, no governor, rho 0.3",25,0.2,0.3,v2_nocorr,stop,iid,False,False,0.03,20260936,24.916666666666668,0.0,0.008333333333333337,0.04420314327601333,0.045087056578211104,-0.03916748343867915,0.211,0.06140648048706632,0.09766666666666667,0.0006666666666666666,0.0,0.0,0.18053015768698996,0.21366666666666667,0.35633333333333334,0.45266666666666666
"no corr/cluster caps, no governor, rho 0.6",25,0.2,0.6,v2_nocorr,stop,iid,False,False,0.03,20260936,24.916666666666668,0.0,0.008333333333333337,0.04258627580921551,0.04320499332455996,-0.0444868826356426,0.227,0.06620935083648116,0.14866666666666667,0.0006666666666666666,0.0,0.0,0.17567306218659137,0.216,0.35433333333333333,0.45066666666666666
full Kelly on claimed edge,25,0.2,0.3,kelly_full,stop,iid,False,False,0.03,20260936,24.916666666666668,0.0,0.10416666666666677,0.3320990009924671,0.42088412507049133,-0.5087374481383373,0.297,0.59955496349715,1.0,1.0,0.9826666666666667,0.004,0.18053015768698996,0.21366666666666667,0.35633333333333334,0.45266666666666666
"defined-risk book, 3% premium cap",25,0.2,0.3,v2,defined,iid,True,True,0.03,20260936,23.44922222222222,0.06271012555348791,0.017332673144768256,0.08816291055567647,0.08530286504107343,-0.11290044868330806,0.2793333333333333,0.14414735237755344,0.9433333333333334,0.023,0.0,0.0,0.1835407665655942,0.19833333333333333,0.33866666666666667,0.44866666666666666
"defined-risk book, 2% premium cap",25,0.2,0.3,v2,defined,iid,True,True,0.02,20260936,24.488444444444443,0.016580995216677375,0.013578102375145493,0.07227763889234136,0.07315898513991237,-0.09192740772956964,0.25,0.114190917618671,0.6986666666666667,0.0003333333333333333,0.0,0.0,0.1820103327222172,0.206,0.33466666666666667,0.446
iid: no loss limits,25,0.2,0.3,v2,stop,iid,False,True,0.03,20260936,24.907444444444447,0.00037012263099219623,0.007049955513922032,0.03778328626515846,0.03866114695565881,-0.03379458426154158,0.205,0.05261639280556901,0.032,0.0,0.0,0.0,0.18060857640783518,0.21333333333333335,0.3556666666666667,0.4533333333333333
"iid: no loss limits, no governor",25,0.2,0.3,v2,stop,iid,False,False,0.03,20260936,24.90688888888889,0.0003924191750278707,0.007133016190606837,0.038188717408635504,0.03882645818652608,-0.03260197793790953,0.20366666666666666,0.052619089180687306,0.04466666666666667,0.0,0.0,0.0,0.1806052955125988,0.21333333333333335,0.3556666666666667,0.4533333333333333
regime: v2 (governor + loss limits),25,0.2,0.3,v2,stop,switch,True,True,0.03,20260936,24.96988888888889,0.00134647516797611,0.007015823929401793,0.02402238501772677,0.0239442591630028,-0.05652271095363803,0.322,0.06668231280560932,0.139,0.0003333333333333333,0.0,0.0,0.11181837145927123,0.13,0.20133333333333334,0.2613333333333333
regime: no loss limits,25,0.2,0.3,v2,stop,switch,False,True,0.03,20260936,24.977666666666668,0.00022237145817859987,0.007010253526983254,0.023119951332068914,0.022147181402355498,-0.05416072408355754,0.31133333333333335,0.06649429826216041,0.136,0.0003333333333333333,0.0,0.0,0.10853886937573333,0.131,0.19333333333333333,0.24366666666666667
"regime: no loss limits, no governor",25,0.2,0.3,v2,stop,switch,False,False,0.03,20260936,24.977222222222224,0.00024016117483288785,0.007266721331537377,0.023820561337112082,0.02309815070897958,-0.05389283083658747,0.309,0.06678357186105821,0.17066666666666666,0.003,0.0,0.0,0.10857862056066654,0.131,0.19333333333333333,0.24366666666666667
"v2, rho 0.6",50,0.0,0.6,v2,stop,iid,True,True,0.03,20260936,49.46888888888889,0.0066177881504553915,0.005346503221956645,-0.00752672260955169,-0.011944924890478603,-0.09449363554459789,0.5733333333333334,0.11145251243118165,0.638,0.0,0.0,0.0,-0.025212803109371767,0.06,0.058666666666666666,0.057
"no corr/cluster caps, no governor, rho 0.3",50,0.0,0.3,v2_nocorr,stop,iid,False,False,0.03,20260936,49.77977777777778,0.0,0.008281334103322158,-0.008649674969347744,-0.008489291588853587,-0.1188778232189277,0.5506666666666666,0.1417948500839421,0.82,0.20233333333333334,0.0036666666666666666,0.0,-0.01509984321640534,0.04466666666666667,0.043666666666666666,0.043333333333333335
"no corr/cluster caps, no governor, rho 0.6",50,0.0,0.6,v2_nocorr,stop,iid,False,False,0.03,20260936,49.77977777777778,0.0,0.008281334103322158,-0.012364076686582902,-0.012892521172056082,-0.13353685342099098,0.574,0.16069392690975653,0.8856666666666667,0.29333333333333333,0.01,0.0,-0.02166011854892587,0.06366666666666666,0.059333333333333335,0.060333333333333336
full Kelly on claimed edge,50,0.0,0.3,kelly_full,stop,iid,False,False,0.03,20260936,49.77977777777778,0.0,0.08425407542239892,-0.3365069217198305,-0.2781031419911907,-0.7862804447850443,0.671,0.8477307135469674,1.0,1.0,1.0,0.156,-0.01509984321640534,0.04466666666666667,0.043666666666666666,0.043333333333333335
"defined-risk book, 3% premium cap",50,0.0,0.3,v2,defined,iid,True,True,0.03,20260936,49.431444444444445,0.007019650557554439,0.005386017637534639,-0.0058003966742711825,-0.01097391906199674,-0.0972576423371263,0.559,0.1130863343995378,0.652,0.0,0.0,0.0,-0.016737537711981686,0.058,0.055,0.051
"defined-risk book, 2% premium cap",50,0.0,0.3,v2,defined,iid,True,True,0.02,20260936,49.431444444444445,0.007019650557554439,0.005386017637534639,-0.0058003966742711825,-0.01097391906199674,-0.0972576423371263,0.559,0.1130863343995378,0.652,0.0,0.0,0.0,-0.016737537711981686,0.058,0.055,0.051
iid: no loss limits,50,0.0,0.3,v2,stop,iid,False,True,0.03,20260936,49.589666666666666,0.003819042984880072,0.005514539920205472,-0.004517944565398714,-0.008178941959494979,-0.0868634213342171,0.546,0.10258014809606736,0.5326666666666666,0.0,0.0,0.0,-0.015110369741717212,0.04633333333333333,0.044,0.044333333333333336
"iid: no loss limits, no governor",50,0.0,0.3,v2,stop,iid,False,False,0.03,20260936,49.60033333333333,0.0036047658799423237,0.006299956955403846,-0.005230649988047001,-0.00479364127405113,-0.0913543405028614,0.539,0.10793491940906658,0.5746666666666667,0.057,0.0,0.0,-0.015101478588237025,0.04633333333333333,0.044,0.044333333333333336
regime: v2 (governor + loss limits),50,0.0,0.3,v2,stop,switch,True,True,0.03,20260936,49.41144444444444,0.0057992787789768315,0.005433130456349332,-0.008589668354595096,-0.01422099743650751,-0.09582514666064257,0.5763333333333334,0.1137512775211913,0.6563333333333333,0.0006666666666666666,0.0,0.0,-0.025701781275021828,0.04133333333333333,0.039,0.043333333333333335
regime: no loss limits,50,0.0,0.3,v2,stop,switch,False,True,0.03,20260936,49.49533333333333,0.0037861930309895315,0.005436963121584589,-0.008408992278911667,-0.012926888280301085,-0.09536193946734872,0.5636666666666666,0.11336932729875027,0.6556666666666666,0.0006666666666666666,0.0,0.0,-0.02567793264242791,0.042333333333333334,0.03966666666666667,0.03833333333333333
"regime: no loss limits, no governor",50,0.0,0.3,v2,stop,switch,False,False,0.03,20260936,49.53933333333333,0.002900586155459789,0.006486839909825268,-0.010502917534630759,-0.010459834629844678,-0.10360454197545632,0.5543333333333333,0.12340490965740691,0.6896666666666667,0.10866666666666666,0.0,0.0,-0.025700561993222792,0.042333333333333334,0.03933333333333333,0.03833333333333333
"v2, rho 0.6",50,0.1,0.6,v2,stop,iid,True,True,0.03,20260936,49.463888888888896,0.006221509860211357,0.00587800820393225,0.025626588236304485,0.0251776426889454,-0.07535218732158844,0.33866666666666667,0.08703243494592627,0.3283333333333333,0.0,0.0,0.0,0.0739138016764472,0.161,0.226,0.263
"no corr/cluster caps, no governor, rho 0.3",50,0.1,0.3,v2_nocorr,stop,iid,False,False,0.03,20260936,49.77977777777778,0.0,0.00833333333333332,0.03900567650696068,0.039137000241292075,-0.08261210054849533,0.318,0.10430256319601466,0.5423333333333333,0.042333333333333334,0.0003333333333333333,0.0,0.08317203435215177,0.14233333333333334,0.21166666666666667,0.276
"no corr/cluster caps, no governor, rho 0.6",50,0.1,0.6,v2_nocorr,stop,iid,False,False,0.03,20260936,49.77977777777778,0.0,0.00833333333333332,0.03487758592918019,0.03504041125718227,-0.099115197577468,0.35633333333333334,0.12032589966722773,0.6903333333333334,0.09766666666666667,0.001,0.0,0.0768498822895545,0.159,0.22233333333333333,0.2786666666666667
full Kelly on claimed edge,50,0.1,0.3,kelly_full,stop,iid,False,False,0.03,20260936,49.77977777777778,0.0,0.10416666666666648,-0.022860387223300607,0.045955724711792545,-0.8144172494087322,0.48233333333333334,0.842067346823856,1.0,1.0,1.0,0.093,0.08317203435215177,0.14233333333333334,0.21166666666666667,0.276
"defined-risk book, 3% premium cap",50,0.1,0.3,v2,defined,iid,True,True,0.03,20260936,48.13755555555556,0.030939226519337018,0.009641192614943866,0.04468514672689619,0.0367774651392796,-0.11972216996813678,0.375,0.14322400875463887,0.932,0.011666666666666667,0.0,0.0,0.08278171582291056,0.14633333333333334,0.22566666666666665,0.2806666666666667
"defined-risk book, 2% premium cap",50,0.1,0.3,v2,defined,iid,True,True,0.02,20260936,48.13755555555556,0.030939226519337018,0.009641192614943866,0.04468514672689619,0.0367774651392796,-0.11972216996813678,0.375,0.14322400875463887,0.932,0.011666666666666667,0.0,0.0,0.08278171582291056,0.14633333333333334,0.22566666666666665,0.2806666666666667
iid: no loss limits,50,0.1,0.3,v2,stop,iid,False,True,0.03,20260936,49.59288888888889,0.0037543134427634605,0.0060032135897068305,0.029417191990537484,0.028761302159604263,-0.06081231006211063,0.30866666666666664,0.07769091572408199,0.23166666666666666,0.0,0.0,0.0,0.08308755931536159,0.143,0.213,0.27366666666666667
"iid: no loss limits, no governor",50,0.1,0.3,v2,stop,iid,False,False,0.03,20260936,49.56211111111111,0.004372592172635921,0.0063132988687822165,0.030862190223276645,0.030729723869992176,-0.06103363887035651,0.30266666666666664,0.0782677069400583,0.268,0.006333333333333333,0.0,0.0,0.08308285343620388,0.14333333333333334,0.21333333333333335,0.2733333333333333
regime: v2 (governor + loss limits),50,0.1,0.3,v2,stop,switch,True,True,0.03,20260936,49.43866666666667,0.005665019676725149,0.0058839669194300104,0.015247326463890183,0.012970283078678202,-0.07920140055304137,0.4026666666666667,0.09475256908013646,0.44033333333333335,0.0003333333333333333,0.0,0.0,0.04411704451852533,0.097,0.13566666666666666,0.159
regime: no loss limits,50,0.1,0.3,v2,stop,switch,False,True,0.03,20260936,49.51499999999999,0.0033903535941997224,0.005857378520498813,0.014344058077977088,0.01243844219024659,-0.0812920744305643,0.4136666666666667,0.09560200877234026,0.44366666666666665,0.0003333333333333333,0.0,0.0,0.04127970774680211,0.09533333333333334,0.12666666666666668,0.144
"regime: no loss limits, no governor",50,0.1,0.3,v2,stop,switch,False,False,0.03,20260936,49.502,0.0036520101710607825,0.0065086745622267555,0.0154315205325818,0.015604864192774404,-0.08423287943389413,0.4046666666666667,0.09914240340913544,0.49266666666666664,0.041666666666666664,0.0,0.0,0.04115326649932368,0.09533333333333334,0.12633333333333333,0.144
"v2, rho 0.6",50,0.2,0.6,v2,stop,iid,True,True,0.03,20260936,49.44988888888889,0.006580401208043804,0.006142063124962765,0.06283098306701496,0.06520752097813909,-0.04282631449041008,0.161,0.06780839145904444,0.12333333333333334,0.0003333333333333333,0.0,0.0,0.17264572180514243,0.3353333333333333,0.5073333333333333,0.6336666666666667
"no corr/cluster caps, no governor, rho 0.3",50,0.2,0.3,v2_nocorr,stop,iid,False,False,0.03,20260936,49.77977777777778,0.0,0.00833333333333332,0.08755312183588815,0.09148405652913949,-0.040457183933257035,0.14033333333333334,0.08222669781432107,0.2826666666666667,0.006,0.0,0.0,0.18015799579241898,0.31966666666666665,0.5336666666666666,0.6786666666666666
"no corr/cluster caps, no governor, rho 0.6",50,0.2,0.6,v2_nocorr,stop,iid,False,False,0.03,20260936,49.77977777777778,0.0,0.00833333333333332,0.08380027534424789,0.08749588482242165,-0.05995551963544854,0.17766666666666667,0.09516978477232335,0.445,0.01633333333333333,0.0,0.0,0.1752854125014392,0.325,0.5186666666666667,0.6503333333333333
full Kelly on claimed edge,50,0.2,0.3,kelly_full,stop,iid,False,False,0.03,20260936,49.77977777777778,0.0,0.10416666666666648,0.5911342318489139,0.9008692262875551,-0.6355114092316994,0.253,0.7385771372732953,1.0,1.0,1.0,0.01633333333333333,0.18015799579241898,0.31966666666666665,0.5336666666666666,0.6786666666666666
"defined-risk book, 3% premium cap",50,0.2,0.3,v2,defined,iid,True,True,0.03,20260936,43.82511111111111,0.11999732268356351,0.014132790567107707,0.13279928041787606,0.13683282450227208,-0.10833296672733905,0.239,0.1521396555946749,0.9763333333333334,0.037333333333333336,0.0,0.0,0.1820467076759057,0.303,0.502,0.6563333333333333
"defined-risk book, 2% premium cap",50,0.2,0.3,v2,defined,iid,True,True,0.02,20260936,47.709111111111106,0.039600793581562425,0.011199881461123658,0.11621358903606327,0.1198936217527038,-0.08373142517885124,0.20466666666666666,0.1257513965791469,0.8346666666666667,0.002,0.0,0.0,0.18011570166041263,0.31166666666666665,0.505,0.665
iid: no loss limits,50,0.2,0.3,v2,stop,iid,False,True,0.03,20260936,49.574555555555555,0.004122602216875215,0.006191513818596901,0.06620507895978582,0.06874975418840368,-0.031160272050379523,0.13466666666666666,0.061998044223944615,0.071,0.0,0.0,0.0,0.1800975629201926,0.31866666666666665,0.534,0.6746666666666666
"iid: no loss limits, no governor",50,0.2,0.3,v2,stop,iid,False,False,0.03,20260936,49.55844444444444,0.004446249927458272,0.006292096811160163,0.06719552175093725,0.06972689307899071,-0.029793552320132033,0.131,0.06196924342962118,0.09266666666666666,0.0,0.0,0.0,0.1801083983083933,0.319,0.5343333333333333,0.6746666666666666
regime: v2 (governor + loss limits),50,0.2,0.3,v2,stop,switch,True,True,0.03,20260936,49.42722222222222,0.005637429671835428,0.006110622091129012,0.04016398617745522,0.040886497195620874,-0.0641800386918594,0.251,0.0826494145885125,0.294,0.0006666666666666666,0.0,0.0,0.10959403386001738,0.21333333333333335,0.303,0.387
regime: no loss limits,50,0.2,0.3,v2,stop,switch,False,True,0.03,20260936,49.513222222222225,0.003426135690180722,0.006112231920105924,0.03960043133194482,0.03993928766641219,-0.06594462836930948,0.2683333333333333,0.08291114302017882,0.289,0.0003333333333333333,0.0,0.0,0.10718100216023801,0.195,0.2976666666666667,0.382
"regime: no loss limits, no governor",50,0.2,0.3,v2,stop,switch,False,False,0.03,20260936,49.49955555555556,0.003701210553034657,0.006493965613471145,0.041475414354944645,0.04232576829220891,-0.06413326422289112,0.261,0.0842649281665599,0.329,0.01633333333333333,0.0,0.0,0.1071086530604496,0.195,0.297,0.38133333333333336
"v2, rho 0.6",100,0.0,0.6,v2,stop,iid,True,True,0.03,20260936,93.79188888888889,0.04320568549552562,0.00414314638347404,-0.008877537971047095,-0.015141478042183798,-0.1150173771306855,0.5813333333333334,0.13092246777498162,0.8246666666666667,0.001,0.0,0.0,-0.022071602600878294,0.079,0.082,0.07966666666666666
"no corr/cluster caps, no governor, rho 0.3",100,0.0,0.3,v2_nocorr,stop,iid,False,False,0.03,20260936,97.98899999999999,2.2678231052621435e-06,0.008281199674165449,-0.020602511295163006,-0.021343169417886387,-0.19718235986735322,0.5776666666666667,0.22478661539823097,0.9853333333333333,0.613,0.10433333333333333,0.0,-0.01758382055952726,0.06,0.062,0.05633333333333333
"no corr/cluster caps, no governor, rho 0.6",100,0.0,0.6,v2_nocorr,stop,iid,False,False,0.03,20260936,97.98855555555555,5.669564191939694e-06,0.008281220503775348,-0.027660288212206122,-0.02853672711853905,-0.23120188316231627,0.5963333333333334,0.26095238427135453,0.995,0.7596666666666667,0.211,0.0,-0.022585101955136928,0.08766666666666667,0.08466666666666667,0.078
full Kelly on claimed edge,100,0.0,0.3,kelly_full,stop,iid,False,False,0.03,20260936,97.98899999999999,2.2678231052621435e-06,0.08423502291060081,-0.9587621584415986,-0.5702369239837985,-0.9554774665153659,0.752,0.9766407251099163,1.0,1.0,1.0,0.5386666666666666,-0.01758382055952726,0.06,0.062,0.05633333333333333
"defined-risk book, 3% premium cap",100,0.0,0.3,v2,defined,iid,True,True,0.03,20260936,93.19144444444446,0.04932773547394026,0.004145642147325181,-0.008166019772555131,-0.015893654128058765,-0.11300557655121757,0.583,0.13234254189302314,0.8426666666666667,0.0026666666666666666,0.0,0.0,-0.017696038828470446,0.07666666666666666,0.06266666666666666,0.06266666666666666
"defined-risk book, 2% premium cap",100,0.0,0.3,v2,defined,iid,True,True,0.02,20260936,93.19144444444446,0.04932773547394026,0.004145642147325181,-0.008166019772555131,-0.015893654128058765,-0.11300557655121757,0.583,0.13234254189302314,0.8426666666666667,0.0026666666666666666,0.0,0.0,-0.017696038828470446,0.07666666666666666,0.06266666666666666,0.06266666666666666
iid: no loss limits,100,0.0,0.3,v2,stop,iid,False,True,0.03,20260936,94.72977777777777,0.03326329539643249,0.004269584154170978,-0.006696191529274534,-0.013360827116408847,-0.10843500335091583,0.5753333333333334,0.12424507782421129,0.758,0.0003333333333333333,0.0,0.0,-0.01720236118338481,0.058333333333333334,0.06,0.05366666666666667
"iid: no loss limits, no governor",100,0.0,0.3,v2,stop,iid,False,False,0.03,20260936,95.18622222222223,0.028605186738224046,0.005250321530947687,-0.008193338093805225,-0.009393625656183291,-0.12338681840256849,0.564,0.13830962395136065,0.7783333333333333,0.171,0.0013333333333333333,0.0,-0.01715004223816099,0.057666666666666665,0.059333333333333335,0.05333333333333334
regime: v2 (governor + loss limits),100,0.0,0.3,v2,stop,switch,True,True,0.03,20260936,94.19133333333333,0.03797390783309729,0.004237656060910223,-0.012057836425040708,-0.01976446283783051,-0.1136727142181504,0.605,0.13436425147895414,0.8383333333333334,0.0026666666666666666,0.0003333333333333333,0.0,-0.02465807322548365,0.04533333333333334,0.04766666666666667,0.046
regime: no loss limits,100,0.0,0.3,v2,stop,switch,False,True,0.03,20260936,94.3458888888889,0.03464141530702617,0.004225739393212045,-0.012076570529258673,-0.020140381530960094,-0.11656467797659542,0.6033333333333334,0.13572300746690186,0.8453333333333334,0.004,0.0,0.0,-0.024960343357796084,0.04833333333333333,0.05,0.04733333333333333
"regime: no loss limits, no governor",100,0.0,0.3,v2,stop,switch,False,False,0.03,20260936,95.48977777777777,0.022937005376411322,0.005500559045399749,-0.016763428406688367,-0.016874202303185037,-0.13489198927349433,0.5863333333333334,0.15937548799461249,0.8563333333333333,0.288,0.008666666666666666,0.0,-0.02541501206981584,0.04833333333333333,0.051,0.04733333333333333
"v2, rho 0.6",100,0.1,0.6,v2,stop,iid,True,True,0.03,20260936,94.50377777777777,0.03414921088432284,0.004757512643031112,0.04031743381123264,0.03946421444032766,-0.08268447281757585,0.311,0.10103230695499815,0.5113333333333333,0.0,0.0,0.0,0.07433428865984895,0.229,0.31433333333333335,0.3903333333333333
"no corr/cluster caps, no governor, rho 0.3",100,0.1,0.3,v2_nocorr,stop,iid,False,False,0.03,20260936,97.98855555555555,3.401746229731262e-06,0.008333333333333314,0.07338143757073326,0.07590238303402974,-0.12189564159788624,0.2813333333333333,0.1512892935314708,0.8946666666666667,0.235,0.007666666666666666,0.0,0.08136119678971673,0.207,0.31666666666666665,0.412
"no corr/cluster caps, no governor, rho 0.6",100,0.1,0.6,v2_nocorr,stop,iid,False,False,0.03,20260936,97.98855555555555,5.669564191939694e-06,0.008333333333333312,0.06376140920655325,0.06740157197262753,-0.1689972493423776,0.345,0.18695297667142108,0.976,0.436,0.04133333333333333,0.0,0.07470424642657111,0.23,0.31933333333333336,0.414
full Kelly on claimed edge,100,0.1,0.3,kelly_full,stop,iid,False,False,0.03,20260936,97.98855555555555,3.401746229731262e-06,0.10416666666666709,-1.0356757743106415,-0.2563117605201696,-0.9929684951987174,0.5423333333333333,0.976452720422339,1.0,1.0,1.0,0.3463333333333333,0.08136119678971673,0.207,0.31666666666666665,0.412
"defined-risk book, 3% premium cap",100,0.1,0.3,v2,defined,iid,True,True,0.03,20260936,90.29522222222222,0.07865256436565154,0.0073656275703314535,0.06542231524487248,0.05699188374737085,-0.1255198491287458,0.33066666666666666,0.1537257673953899,0.9773333333333334,0.044333333333333336,0.0,0.0,0.08235148711893939,0.23466666666666666,0.32166666666666666,0.39866666666666667
"defined-risk book, 2% premium cap",100,0.1,0.3,v2,defined,iid,True,True,0.02,20260936,90.29522222222222,0.07865256436565154,0.0073656275703314535,0.06542231524487248,0.05699188374737085,-0.1255198491287458,0.33066666666666666,0.1537257673953899,0.9773333333333334,0.044333333333333336,0.0,0.0,0.08235148711893939,0.23466666666666666,0.32166666666666666,0.39866666666666667
iid: no loss limits,100,0.1,0.3,v2,stop,iid,False,True,0.03,20260936,95.32177777777777,0.027221814644014138,0.004894832574815954,0.04598177648341171,0.0465712651326482,-0.07469261341418698,0.272,0.09027377088044702,0.36833333333333335,0.0,0.0,0.0,0.08136502890718364,0.202,0.30566666666666664,0.407
"iid: no loss limits, no governor",100,0.1,0.3,v2,stop,iid,False,False,0.03,20260936,94.89333333333333,0.03159417759095955,0.005254264728159165,0.04897603452052333,0.04953031363582383,-0.07386639811626428,0.25633333333333336,0.0921183216449517,0.4166666666666667,0.02033333333333333,0.0,0.0,0.0814383061906301,0.202,0.30466666666666664,0.4033333333333333
regime: v2 (governor + loss limits),100,0.1,0.3,v2,stop,switch,True,True,0.03,20260936,94.93566666666668,0.03028469932641399,0.004740339875048314,0.021556342489979754,0.017888076685402376,-0.09832203382711435,0.39266666666666666,0.11191653262551271,0.6503333333333333,0.0013333333333333333,0.0,0.0,0.04109501251959873,0.14166666666666666,0.18233333333333332,0.214
regime: no loss limits,100,0.1,0.3,v2,stop,switch,False,True,0.03,20260936,95.23966666666666,0.025496172618161107,0.004733737452782394,0.0225321188813165,0.018940682002584364,-0.09440263399389048,0.391,0.11380908441303228,0.6446666666666667,0.0016666666666666668,0.0,0.0,0.04225506047119277,0.138,0.18866666666666668,0.22766666666666666
"regime: no loss limits, no governor",100,0.1,0.3,v2,stop,switch,False,False,0.03,20260936,95.23366666666668,0.025557565346306148,0.005513379934084402,0.024996008013132977,0.025913140988838013,-0.10188198331053322,0.37666666666666665,0.12243189743287192,0.6793333333333333,0.10866666666666666,0.0016666666666666668,0.0,0.041888499119696186,0.13866666666666666,0.187,0.22666666666666666
"v2, rho 0.6",100,0.2,0.6,v2,stop,iid,True,True,0.03,20260936,94.36133333333333,0.03521389970337938,0.005090231930094983,0.10046067505568411,0.10650646712800782,-0.03203818759503119,0.10633333333333334,0.07804695700049091,0.19866666666666666,0.001,0.0,0.0,0.17301332136207745,0.4656666666666667,0.6786666666666666,0.802
"no corr/cluster caps, no governor, rho 0.3",100,0.2,0.3,v2_nocorr,stop,iid,False,False,0.03,20260936,97.98877777777778,3.401738515163816e-06,0.008333333333333312,0.1679971270123212,0.18215606291068887,-0.0446012725395416,0.097,0.11625384777297049,0.687,0.053,0.0,0.0,0.17771799177408418,0.4796666666666667,0.719,0.8703333333333333
"no corr/cluster caps, no governor, rho 0.6",100,0.2,0.6,v2_nocorr,stop,iid,False,False,0.03,20260936,97.98855555555555,2.2678333913520707e-06,0.008333333333333314,0.1599027273358824,0.17342197443663254,-0.09045487821930698,0.14533333333333334,0.1458503587621519,0.9003333333333333,0.174,0.0033333333333333335,0.0,0.17317035482632012,0.47533333333333333,0.6726666666666666,0.8106666666666666
full Kelly on claimed edge,100,0.2,0.3,kelly_full,stop,iid,False,False,0.03,20260936,97.98877777777778,3.401738515163816e-06,0.10416666666666709,0.3570983427205305,1.5510572484705647,-0.9328279425133104,0.2763333333333333,0.9104701113640918,1.0,1.0,1.0,0.11666666666666667,0.17771799177408418,0.4796666666666667,0.719,0.8703333333333333
"defined-risk book, 3% premium cap",100,0.2,0.3,v2,defined,iid,True,True,0.03,20260936,76.95377777777777,0.21259602605337327,0.011137304485729511,0.18661218302356386,0.20081767495913505,-0.09336673229344972,0.17366666666666666,0.1559608845830665,0.9873333333333333,0.05533333333333333,0.0,0.0,0.18035735922406004,0.43866666666666665,0.6763333333333333,0.8213333333333334
"defined-risk book, 2% premium cap",100,0.2,0.3,v2,defined,iid,True,True,0.02,20260936,88.35388888888889,0.09733258563696466,0.008812626207143433,0.17402211151602462,0.18858384310567544,-0.06733976849411738,0.124,0.13030446427999487,0.8836666666666667,0.0033333333333333335,0.0,0.0,0.18215833868153236,0.4866666666666667,0.7136666666666667,0.8546666666666667
iid: no loss limits,100,0.2,0.3,v2,stop,iid,False,True,0.03,20260936,95.05088888888889,0.02998629100932869,0.0051270572865265785,0.10502772696048614,0.11004895604859977,-0.027027126943914515,0.10033333333333333,0.06958260296853863,0.121,0.0,0.0,0.0,0.17839781012070308,0.47333333333333333,0.718,0.8593333333333333
"iid: no loss limits, no governor",100,0.2,0.3,v2,stop,iid,False,False,0.03,20260936,94.84811111111111,0.032055679592880394,0.005227744860890228,0.10673474312012367,0.11144412901113365,-0.02468552604669383,0.093,0.06970183078226883,0.14466666666666667,0.0013333333333333333,0.0,0.0,0.17837263603428025,0.47333333333333333,0.7163333333333334,0.8593333333333333
regime: v2 (governor + loss limits),100,0.2,0.3,v2,stop,switch,True,True,0.03,20260936,95.02133333333335,0.029546235995410956,0.00506206372522114,0.06479009069880763,0.06670021467084863,-0.0722796087903741,0.21,0.09685797160055071,0.46,0.0003333333333333333,0.0,0.0,0.1110218889427543,0.31433333333333335,0.4653333333333333,0.5713333333333334
regime: no loss limits,100,0.2,0.3,v2,stop,switch,False,True,0.03,20260936,95.37877777777777,0.02407277084709459,0.005039631524318462,0.06349166651243428,0.06551565288525651,-0.07140035195560246,0.218,0.09815212075065599,0.4713333333333333,0.0,0.0,0.0,0.10896635671947714,0.294,0.447,0.559
"regime: no loss limits, no governor",100,0.2,0.3,v2,stop,switch,False,False,0.03,20260936,95.17588888888889,0.026148754580295436,0.005495261368891292,0.06754421168966182,0.07111115177076877,-0.0718944243154005,0.20466666666666666,0.10181092407735709,0.5156666666666667,0.04466666666666667,0.0003333333333333333,0.0,0.10874599815830066,0.292,0.446,0.554
