signal,month,spread
ABS35|first,1921-03,3.59
ABS35|first,1931-05,3.7
ABS35|first,1934-08,3.56
ABS35|first,1938-03,3.77
ABS35|first,1982-10,3.82
ABS35|first,2002-09,3.76
ABS35|first,2008-09,4.0
ABS35|first,2016-02,3.55
ABS35|first,2020-03,3.93
Z2|first,1929-09,2.73
Z2|first,1930-11,2.92
Z2|first,1954-01,1.23
Z2|first,1957-11,1.37
Z2|first,1966-12,1.34
Z2|first,1968-07,1.48
Z2|first,1970-07,1.94
Z2|first,1974-11,2.92
Z2|first,1980-05,2.99
Z2|first,1981-11,3.0
Z2|first,1998-08,2.06
Z2|first,2000-12,2.88
Z2|first,2002-09,3.76
Z2|first,2008-01,2.96
Z2|first,2020-03,3.93
