year,pick,family,trailing_3y_cagr,next_year_return,top10_next_year
2001,"NDX buy 3x on RSI2<20 in uptrend, hold 4w, else cash",4 mean reversion / dip,1.4521,0.0384,-0.2522
2002,"NDX buy 3x on 5-day low in uptrend, hold 2w, else cash",4 mean reversion / dip,0.8268,-0.0616,-0.0152
2003,"NDX buy 3x on 10-day low in uptrend, hold 2w, else cash",4 mean reversion / dip,0.2990,0.6001,0.3812
2004,NDX 3x Q4 only,6 seasonality,0.8416,0.2899,0.0773
2005,"NDX buy 3x on RSI2<20, hold 2w, else cash",4 mean reversion / dip,0.7963,0.4089,0.3382
2006,XLE 3x SMA200 (off=cash),2 trend filter,1.1385,-0.1566,-0.1666
2007,XLE 3x Donchian 20/10 (off=1x),2 trend filter,0.7246,0.5454,0.7873
2008,EEM 3x buy-and-hold,1 buy-and-hold,0.7586,-0.9620,-0.6089
2009,"broad top2 12m mom, every 1w, 3x",3 momentum rotation,0.4051,0.6350,0.1483
2010,"broad top2 12m mom, every 1w, 3x",3 momentum rotation,0.5687,0.1469,0.1278
2011,"SPX calls K=1.00S 182d, 100% of equity, SMA100 uptrend, roll 13w",8 option overlay,0.8804,-0.7844,-0.6629
2012,"broad top2 3m mom, every 4w, 3x",3 momentum rotation,1.2072,-0.0494,0.0300
2013,"broad top2 3m mom, every 4w, 3x",3 momentum rotation,0.5414,0.7671,0.5285
2014,XLV 3x buy-and-hold,1 buy-and-hold,0.6864,0.8478,0.4256
2015,"SPX calls K=0.90S 182d, 100% of equity, always, roll 13w",8 option overlay,0.9664,-0.4106,0.1067
2016,"NDX calls K=0.90S 182d, 100% of equity, always, roll 13w",8 option overlay,0.8000,0.0276,-0.0057
2017,"growth top1 6m mom, every 1w, 1x",3 momentum rotation,0.5945,13.4822,4.8654
2018,"risk-mix top1 blend mom, every 1w, 1x",3 momentum rotation,3.6679,-0.7342,-0.6800
2019,"risk-mix top2 blend mom, every 1w +abs filter, 1x",3 momentum rotation,2.1916,0.1044,0.2088
2020,ETH 1x SMA100 (off=cash),2 trend filter,3.2082,2.5323,1.8307
2021,BTC 1x presidential years 3-4,6 seasonality,1.0174,-0.0050,0.9686
2022,"crypto top1 12m mom, every 4w, 1x",3 momentum rotation,2.3098,-0.7943,-0.6861
2023,ETH 1x SMA20 (off=cash),2 trend filter,1.6837,0.4001,0.5116
2024,"crypto top1 blend mom, every 4w +abs filter, 1x",3 momentum rotation,0.9438,0.8033,0.2432
2025,SOL 1x SMA20>SMA100 (off=cash),2 trend filter,0.9531,-0.2807,-0.1121
2026,SMH 3x SMA20>SMA100 (off=1x),2 trend filter,1.4193,1.3635,1.2282
